商談ID,顧客企業名,商談発生日,クローズ日,最終活動日,業種,製品,商談区分,リード獲得元,エリア,企業規模,ステージ番号,ステージ,ステータス番号,ステータス,受注確度,失注理由,営業チーム,営業担当,金額,商談名,次のアクション
OPP-202404-00001,つばさ運輸,2024-04-04,2024-07-02,2024-04-08,製造,クラウド経費,既存深耕,インバウンド,関東,中堅,6,クロージング,2,受注,100,,第一営業部,中村,3870000,つばさ運輸 クラウド経費導入,
OPP-202404-00002,青葉システムズ,2024-04-23,2024-07-17,2024-06-06,製造,クラウド経費,更新,展示会,中部,中堅,6,クロージング,3,失注,0,価格,第一営業部,中村,2940000,青葉システムズ クラウド経費導入,
OPP-202404-00003,曙建設,2024-04-04,2024-08-04,2024-07-04,製造,スマート勤怠,既存深耕,展示会,九州,大企業,6,クロージング,2,受注,100,,第一営業部,加藤,3710000,曙建設 スマート勤怠導入,
OPP-202404-00004,大和精密,2024-04-02,2024-06-24,2024-06-24,IT,統合ダッシュボード,更新,紹介,関東,中小,6,クロージング,3,失注,0,価格,第一営業部,小林,1920000,大和精密 統合ダッシュボード導入,
OPP-202404-00005,富士見物産,2024-04-18,2024-05-26,2024-05-14,流通,統合ダッシュボード,既存深耕,Web,関西,中小,6,クロージング,3,失注,0,価格,西日本営業部,山本,840000,富士見物産 統合ダッシュボード導入,
OPP-202404-00006,さくらケミカル,2024-04-30,2024-10-26,2024-09-27,製造,クラウド経費,更新,Web,関東,大企業,6,クロージング,2,受注,100,,西日本営業部,松本,7080000,さくらケミカル クラウド経費導入,
OPP-202404-00007,湊エレクトロニクス,2024-04-12,2024-08-17,2024-06-11,流通,クラウド経費,更新,展示会,関東,中堅,6,クロージング,2,受注,100,,第一営業部,小林,3700000,湊エレクトロニクス クラウド経費導入,
OPP-202404-00008,山田製作所,2024-04-09,2024-09-02,2024-06-16,公共,スマート勤怠,更新,Web,中部,中堅,6,クロージング,2,受注,100,,第一営業部,中村,3560000,山田製作所 スマート勤怠導入,
OPP-202404-00009,みなと商事,2024-04-25,2024-05-25,2024-05-11,IT,スマート勤怠,既存深耕,Web,関東,中小,6,クロージング,2,受注,100,,第一営業部,加藤,340000,みなと商事 スマート勤怠導入,
OPP-202404-00010,大和精密,2024-04-04,2024-06-05,2024-06-04,製造,スマート勤怠,既存深耕,展示会,中部,中小,6,クロージング,3,失注,0,競合,西日本営業部,山本,970000,大和精密 スマート勤怠導入,
OPP-202404-00011,つばさ運輸,2024-04-17,2024-09-09,2024-06-14,IT,クラウド経費,既存深耕,Web,関東,中堅,6,クロージング,2,受注,100,,第一営業部,加藤,1320000,つばさ運輸 クラウド経費導入,
OPP-202404-00012,つばさ運輸,2024-04-11,2024-07-10,2024-06-13,金融,スマート勤怠,既存深耕,展示会,関東,大企業,6,クロージング,2,受注,100,,第一営業部,加藤,5190000,つばさ運輸 スマート勤怠導入,
OPP-202404-00013,曙建設,2024-04-18,2024-09-14,2024-05-02,金融,スマート勤怠,既存深耕,紹介,関東,中堅,6,クロージング,3,失注,0,時期,第一営業部,小林,4300000,曙建設 スマート勤怠導入,
OPP-202404-00014,さくらケミカル,2024-04-04,2024-08-25,2024-08-23,IT,スマート勤怠,新規,Web,関東,大企業,6,クロージング,3,失注,0,価格,第一営業部,中村,9670000,さくらケミカル スマート勤怠導入,
OPP-202404-00015,つばさ運輸,2024-04-18,2024-09-11,2024-09-08,製造,クラウド経費,新規,紹介,関東,中堅,6,クロージング,2,受注,100,,西日本営業部,松本,4380000,つばさ運輸 クラウド経費導入,
OPP-202404-00016,大和精密,2024-04-23,2024-07-02,2024-06-28,製造,スマート勤怠,更新,展示会,関東,大企業,6,クロージング,2,受注,100,,第一営業部,加藤,3820000,大和精密 スマート勤怠導入,
OPP-202404-00017,つばさ運輸,2024-04-03,2024-07-08,2024-07-04,流通,統合ダッシュボード,既存深耕,Web,関東,大企業,6,クロージング,2,受注,100,,西日本営業部,松本,6210000,つばさ運輸 統合ダッシュボード導入,
OPP-202404-00018,大和精密,2024-04-08,2024-07-01,2024-04-25,流通,統合ダッシュボード,更新,展示会,関西,中堅,6,クロージング,2,受注,100,,第一営業部,加藤,2780000,大和精密 統合ダッシュボード導入,
OPP-202404-00019,さくらケミカル,2024-04-29,2024-10-17,2024-10-16,製造,スマート勤怠,既存深耕,紹介,九州,中小,6,クロージング,2,受注,100,,第一営業部,加藤,560000,さくらケミカル スマート勤怠導入,
OPP-202404-00020,みなと商事,2024-04-29,2024-08-01,2024-05-06,公共,スマート勤怠,新規,展示会,関東,中堅,6,クロージング,3,失注,0,価格,西日本営業部,松本,3160000,みなと商事 スマート勤怠導入,
OPP-202404-00021,北斗フーズ,2024-04-09,2024-06-16,2024-05-27,金融,スマート勤怠,更新,Web,関東,大企業,6,クロージング,2,受注,100,,第一営業部,加藤,8960000,北斗フーズ スマート勤怠導入,
OPP-202404-00022,山田製作所,2024-04-18,2024-08-16,2024-08-10,製造,統合ダッシュボード,更新,インバウンド,中部,大企業,6,クロージング,3,失注,0,予算,第一営業部,中村,9350000,山田製作所 統合ダッシュボード導入,
OPP-202404-00023,つばさ運輸,2024-04-24,2024-07-26,2024-07-23,IT,統合ダッシュボード,更新,インバウンド,関東,中小,6,クロージング,2,受注,100,,第一営業部,小林,570000,つばさ運輸 統合ダッシュボード導入,
OPP-202404-00024,つばさ運輸,2024-04-02,2024-07-12,2024-07-10,IT,クラウド経費,新規,Web,関東,大企業,6,クロージング,3,失注,0,価格,第一営業部,小林,9560000,つばさ運輸 クラウド経費導入,
OPP-202404-00025,湊エレクトロニクス,2024-04-17,2024-09-05,2024-07-07,製造,スマート勤怠,更新,展示会,関西,中小,6,クロージング,2,受注,100,,第一営業部,加藤,1410000,湊エレクトロニクス スマート勤怠導入,
OPP-202404-00026,曙建設,2024-04-17,2024-08-18,2024-08-17,製造,スマート勤怠,既存深耕,Web,中部,中堅,6,クロージング,2,受注,100,,西日本営業部,山本,4400000,曙建設 スマート勤怠導入,
OPP-202404-00027,みなと商事,2024-04-30,2024-09-04,2024-08-24,公共,スマート勤怠,新規,紹介,関東,大企業,6,クロージング,3,失注,0,価格,第一営業部,小林,8820000,みなと商事 スマート勤怠導入,
OPP-202404-00028,山田製作所,2024-04-10,2024-06-22,2024-05-17,製造,スマート勤怠,更新,Web,関東,中堅,6,クロージング,3,失注,0,競合,西日本営業部,松本,4240000,山田製作所 スマート勤怠導入,
OPP-202404-00029,つばさ運輸,2024-04-11,2024-09-04,2024-05-31,公共,スマート勤怠,新規,展示会,関東,中堅,6,クロージング,2,受注,100,,西日本営業部,山本,4670000,つばさ運輸 スマート勤怠導入,
OPP-202405-00030,つばさ運輸,2024-05-23,2024-11-01,2024-10-13,製造,クラウド経費,更新,インバウンド,中部,中小,6,クロージング,2,受注,100,,第一営業部,加藤,930000,つばさ運輸 クラウド経費導入,
OPP-202405-00031,北斗フーズ,2024-05-30,2024-11-05,2024-10-18,IT,クラウド経費,更新,Web,九州,中小,6,クロージング,2,受注,100,,第一営業部,加藤,1440000,北斗フーズ クラウド経費導入,
OPP-202405-00032,富士見物産,2024-05-29,2024-07-17,2024-06-14,流通,クラウド経費,更新,紹介,中部,中堅,6,クロージング,3,失注,0,価格,第一営業部,小林,2630000,富士見物産 クラウド経費導入,
OPP-202405-00033,北斗フーズ,2024-05-29,2024-10-13,2024-06-04,製造,クラウド経費,既存深耕,展示会,関東,中堅,6,クロージング,2,受注,100,,第一営業部,中村,4910000,北斗フーズ クラウド経費導入,
OPP-202405-00034,大和精密,2024-05-13,2024-10-14,2024-09-02,公共,統合ダッシュボード,更新,紹介,中部,中堅,6,クロージング,2,受注,100,,第一営業部,中村,3480000,大和精密 統合ダッシュボード導入,
OPP-202405-00035,青葉システムズ,2024-05-01,2024-06-06,2024-05-29,公共,統合ダッシュボード,更新,インバウンド,関西,中小,6,クロージング,2,受注,100,,第一営業部,加藤,640000,青葉システムズ 統合ダッシュボード導入,
OPP-202405-00036,大和精密,2024-05-28,2024-07-17,2024-07-15,流通,スマート勤怠,新規,Web,関東,中小,6,クロージング,2,受注,100,,西日本営業部,松本,1680000,大和精密 スマート勤怠導入,
OPP-202405-00037,つばさ運輸,2024-05-02,2024-08-01,2024-07-27,金融,クラウド経費,既存深耕,Web,九州,大企業,6,クロージング,2,受注,100,,第一営業部,中村,4170000,つばさ運輸 クラウド経費導入,
OPP-202405-00038,大和精密,2024-05-31,2024-11-25,2024-08-19,公共,スマート勤怠,既存深耕,Web,関東,中小,6,クロージング,2,受注,100,,西日本営業部,山本,1770000,大和精密 スマート勤怠導入,
OPP-202405-00039,青葉システムズ,2024-05-22,2024-07-21,2024-06-28,IT,スマート勤怠,既存深耕,インバウンド,関東,中堅,6,クロージング,3,失注,0,予算,第一営業部,加藤,2770000,青葉システムズ スマート勤怠導入,
OPP-202405-00040,湊エレクトロニクス,2024-05-14,2024-07-22,2024-07-20,金融,スマート勤怠,既存深耕,Web,関東,中堅,6,クロージング,2,受注,100,,西日本営業部,松本,4330000,湊エレクトロニクス スマート勤怠導入,
OPP-202405-00041,湊エレクトロニクス,2024-05-09,2024-10-01,2024-09-05,公共,クラウド経費,更新,Web,関東,大企業,6,クロージング,2,受注,100,,西日本営業部,松本,8830000,湊エレクトロニクス クラウド経費導入,
OPP-202405-00042,山田製作所,2024-05-20,2024-11-08,2024-07-08,流通,スマート勤怠,既存深耕,紹介,関東,大企業,6,クロージング,2,受注,100,,第一営業部,小林,3870000,山田製作所 スマート勤怠導入,
OPP-202405-00043,湊エレクトロニクス,2024-05-08,2024-08-08,2024-07-22,公共,クラウド経費,既存深耕,Web,中部,大企業,6,クロージング,2,受注,100,,第一営業部,加藤,6770000,湊エレクトロニクス クラウド経費導入,
OPP-202405-00044,青葉システムズ,2024-05-16,2024-07-15,2024-07-04,IT,クラウド経費,新規,紹介,関東,大企業,6,クロージング,3,失注,0,時期,西日本営業部,松本,4960000,青葉システムズ クラウド経費導入,
OPP-202405-00045,曙建設,2024-05-07,2024-10-20,2024-05-19,IT,クラウド経費,新規,展示会,関東,大企業,6,クロージング,2,受注,100,,第一営業部,中村,3550000,曙建設 クラウド経費導入,
OPP-202405-00046,富士見物産,2024-05-10,2024-07-08,2024-06-05,製造,スマート勤怠,新規,Web,関東,中小,6,クロージング,3,失注,0,競合,第一営業部,小林,1770000,富士見物産 スマート勤怠導入,
OPP-202405-00047,北斗フーズ,2024-05-21,2024-08-16,2024-07-09,IT,統合ダッシュボード,新規,展示会,関西,中堅,6,クロージング,3,失注,0,競合,第一営業部,加藤,3260000,北斗フーズ 統合ダッシュボード導入,
OPP-202405-00048,大和精密,2024-05-10,2024-07-19,2024-05-20,金融,スマート勤怠,更新,展示会,中部,中堅,6,クロージング,2,受注,100,,第一営業部,中村,1800000,大和精密 スマート勤怠導入,
OPP-202405-00049,曙建設,2024-05-01,2024-10-28,2024-06-21,流通,スマート勤怠,新規,紹介,中部,大企業,6,クロージング,3,失注,0,競合,第一営業部,小林,8570000,曙建設 スマート勤怠導入,
OPP-202405-00050,大和精密,2024-05-08,2024-10-04,2024-08-20,IT,スマート勤怠,新規,紹介,中部,中堅,6,クロージング,3,失注,0,要件不一致,第一営業部,中村,3560000,大和精密 スマート勤怠導入,
OPP-202405-00051,山田製作所,2024-05-16,2024-08-22,2024-08-22,IT,クラウド経費,既存深耕,展示会,関東,中堅,6,クロージング,2,受注,100,,西日本営業部,山本,4870000,山田製作所 クラウド経費導入,
OPP-202405-00052,富士見物産,2024-05-06,2024-08-26,2024-08-24,IT,スマート勤怠,既存深耕,Web,関西,大企業,6,クロージング,3,失注,0,価格,第一営業部,小林,7210000,富士見物産 スマート勤怠導入,
OPP-202405-00053,青葉システムズ,2024-05-23,2024-06-22,2024-06-10,IT,クラウド経費,既存深耕,紹介,関東,中小,6,クロージング,3,失注,0,競合,第一営業部,加藤,430000,青葉システムズ クラウド経費導入,
OPP-202405-00054,富士見物産,2024-05-07,2024-06-13,2024-05-23,金融,クラウド経費,新規,Web,九州,中堅,6,クロージング,3,失注,0,時期,西日本営業部,山本,2590000,富士見物産 クラウド経費導入,
OPP-202405-00055,つばさ運輸,2024-05-01,2024-09-14,2024-08-30,IT,統合ダッシュボード,既存深耕,展示会,中部,中堅,6,クロージング,3,失注,0,価格,西日本営業部,松本,3820000,つばさ運輸 統合ダッシュボード導入,
OPP-202406-00056,曙建設,2024-06-05,2024-07-05,2024-06-15,流通,統合ダッシュボード,更新,紹介,中部,中堅,6,クロージング,2,受注,100,,西日本営業部,松本,4000000,曙建設 統合ダッシュボード導入,
OPP-202406-00057,北斗フーズ,2024-06-19,2024-12-12,2024-10-03,流通,クラウド経費,新規,Web,関東,中小,6,クロージング,2,受注,100,,西日本営業部,山本,410000,北斗フーズ クラウド経費導入,
OPP-202406-00058,青葉システムズ,2024-06-11,2024-10-03,2024-10-01,流通,クラウド経費,更新,インバウンド,関西,大企業,6,クロージング,3,失注,0,予算,第一営業部,加藤,4020000,青葉システムズ クラウド経費導入,
OPP-202406-00059,北斗フーズ,2024-06-17,2024-10-09,2024-10-05,流通,クラウド経費,新規,Web,九州,中堅,6,クロージング,3,失注,0,競合,西日本営業部,山本,2620000,北斗フーズ クラウド経費導入,
OPP-202406-00060,富士見物産,2024-06-21,2024-08-15,2024-08-06,IT,スマート勤怠,新規,Web,九州,中小,6,クロージング,3,失注,0,予算,西日本営業部,松本,1430000,富士見物産 スマート勤怠導入,
OPP-202406-00061,山田製作所,2024-06-06,2024-08-18,2024-07-25,製造,クラウド経費,新規,紹介,関東,中堅,6,クロージング,2,受注,100,,第一営業部,中村,4170000,山田製作所 クラウド経費導入,
OPP-202406-00062,大和精密,2024-06-19,2024-12-16,2024-10-06,流通,クラウド経費,更新,Web,関東,中堅,6,クロージング,2,受注,100,,第一営業部,小林,4530000,大和精密 クラウド経費導入,
OPP-202406-00063,富士見物産,2024-06-28,2024-10-06,2024-09-24,製造,スマート勤怠,新規,紹介,関西,大企業,6,クロージング,2,受注,100,,西日本営業部,松本,10960000,富士見物産 スマート勤怠導入,
OPP-202406-00064,曙建設,2024-06-24,2024-09-26,2024-09-25,公共,統合ダッシュボード,更新,Web,関東,中小,6,クロージング,3,失注,0,予算,第一営業部,中村,650000,曙建設 統合ダッシュボード導入,
OPP-202406-00065,山田製作所,2024-06-21,2024-09-10,2024-08-30,製造,スマート勤怠,既存深耕,Web,関東,大企業,6,クロージング,2,受注,100,,西日本営業部,山本,11970000,山田製作所 スマート勤怠導入,
OPP-202406-00066,大和精密,2024-06-12,2024-11-08,2024-07-19,IT,スマート勤怠,更新,Web,中部,中小,6,クロージング,3,失注,0,予算,第一営業部,中村,870000,大和精密 スマート勤怠導入,
OPP-202406-00067,青葉システムズ,2024-06-28,2024-10-03,2024-09-18,IT,クラウド経費,既存深耕,Web,関東,中堅,6,クロージング,2,受注,100,,第一営業部,加藤,2900000,青葉システムズ クラウド経費導入,
OPP-202406-00068,山田製作所,2024-06-04,2024-09-19,2024-06-19,金融,統合ダッシュボード,新規,Web,関西,中堅,6,クロージング,3,失注,0,価格,第一営業部,加藤,1190000,山田製作所 統合ダッシュボード導入,
OPP-202406-00069,みなと商事,2024-06-10,2024-08-18,2024-06-23,製造,クラウド経費,既存深耕,紹介,九州,中堅,6,クロージング,3,失注,0,予算,第一営業部,加藤,4150000,みなと商事 クラウド経費導入,
OPP-202406-00070,山田製作所,2024-06-14,2024-10-13,2024-07-20,公共,スマート勤怠,既存深耕,展示会,関東,中小,6,クロージング,2,受注,100,,第一営業部,加藤,780000,山田製作所 スマート勤怠導入,
OPP-202406-00071,富士見物産,2024-06-04,2024-07-21,2024-07-10,製造,スマート勤怠,既存深耕,インバウンド,関東,中堅,6,クロージング,3,失注,0,価格,西日本営業部,山本,2100000,富士見物産 スマート勤怠導入,
OPP-202406-00072,北斗フーズ,2024-06-27,2024-08-02,2024-07-20,公共,クラウド経費,新規,インバウンド,九州,中堅,6,クロージング,2,受注,100,,西日本営業部,山本,2210000,北斗フーズ クラウド経費導入,
OPP-202406-00073,大和精密,2024-06-19,2024-11-11,2024-07-01,製造,クラウド経費,既存深耕,Web,関西,中小,6,クロージング,2,受注,100,,第一営業部,中村,1980000,大和精密 クラウド経費導入,
OPP-202406-00074,山田製作所,2024-06-17,2024-10-07,2024-06-26,製造,クラウド経費,既存深耕,Web,関西,中小,6,クロージング,3,失注,0,価格,第一営業部,中村,1890000,山田製作所 クラウド経費導入,
OPP-202406-00075,さくらケミカル,2024-06-21,2024-12-09,2024-08-16,流通,クラウド経費,新規,Web,関東,中小,6,クロージング,3,失注,0,競合,第一営業部,加藤,880000,さくらケミカル クラウド経費導入,
OPP-202406-00076,青葉システムズ,2024-06-14,2024-08-06,2024-06-20,流通,スマート勤怠,既存深耕,Web,関東,大企業,6,クロージング,3,失注,0,競合,西日本営業部,山本,10620000,青葉システムズ スマート勤怠導入,
OPP-202406-00077,湊エレクトロニクス,2024-06-24,2024-08-06,2024-08-02,製造,統合ダッシュボード,既存深耕,Web,関東,中小,6,クロージング,3,失注,0,価格,西日本営業部,松本,560000,湊エレクトロニクス 統合ダッシュボード導入,
OPP-202406-00078,富士見物産,2024-06-19,2024-09-25,2024-07-24,製造,スマート勤怠,更新,紹介,中部,中堅,6,クロージング,2,受注,100,,西日本営業部,山本,4590000,富士見物産 スマート勤怠導入,
OPP-202407-00079,さくらケミカル,2024-07-25,2025-01-06,2024-11-10,製造,統合ダッシュボード,既存深耕,紹介,関東,中堅,6,クロージング,2,受注,100,,第一営業部,加藤,3320000,さくらケミカル 統合ダッシュボード導入,
OPP-202407-00080,さくらケミカル,2024-07-11,2024-12-01,2024-11-13,公共,クラウド経費,新規,展示会,関東,中堅,6,クロージング,3,失注,0,時期,西日本営業部,松本,3120000,さくらケミカル クラウド経費導入,
OPP-202407-00081,みなと商事,2024-07-09,2024-08-22,2024-07-29,流通,スマート勤怠,既存深耕,Web,関西,中堅,6,クロージング,2,受注,100,,第一営業部,加藤,2080000,みなと商事 スマート勤怠導入,
OPP-202407-00082,大和精密,2024-07-25,2024-11-22,2024-11-13,製造,スマート勤怠,更新,展示会,関東,中小,6,クロージング,2,受注,100,,第一営業部,加藤,400000,大和精密 スマート勤怠導入,
OPP-202407-00083,さくらケミカル,2024-07-01,2024-11-25,2024-10-02,金融,クラウド経費,既存深耕,紹介,関東,大企業,6,クロージング,3,失注,0,価格,第一営業部,加藤,11640000,さくらケミカル クラウド経費導入,
OPP-202407-00084,青葉システムズ,2024-07-04,2024-12-16,2024-10-02,流通,スマート勤怠,新規,紹介,関東,大企業,6,クロージング,2,受注,100,,第一営業部,中村,6590000,青葉システムズ スマート勤怠導入,
OPP-202407-00085,北斗フーズ,2024-07-24,2024-12-27,2024-12-16,製造,スマート勤怠,新規,Web,中部,中堅,6,クロージング,2,受注,100,,第一営業部,加藤,4890000,北斗フーズ スマート勤怠導入,
OPP-202407-00086,曙建設,2024-07-19,2024-11-03,2024-10-03,金融,統合ダッシュボード,新規,インバウンド,関東,中堅,6,クロージング,3,失注,0,価格,第一営業部,加藤,3590000,曙建設 統合ダッシュボード導入,
OPP-202407-00087,山田製作所,2024-07-03,2024-12-28,2024-07-14,製造,統合ダッシュボード,新規,インバウンド,中部,中堅,6,クロージング,2,受注,100,,第一営業部,小林,3300000,山田製作所 統合ダッシュボード導入,
OPP-202407-00088,つばさ運輸,2024-07-30,2024-09-19,2024-08-11,製造,クラウド経費,新規,展示会,関東,中小,6,クロージング,2,受注,100,,第一営業部,加藤,400000,つばさ運輸 クラウド経費導入,
OPP-202407-00089,湊エレクトロニクス,2024-07-08,2024-10-31,2024-07-21,流通,スマート勤怠,既存深耕,紹介,関東,中堅,6,クロージング,2,受注,100,,第一営業部,加藤,3850000,湊エレクトロニクス スマート勤怠導入,
OPP-202407-00090,曙建設,2024-07-22,2024-09-23,2024-09-21,IT,スマート勤怠,既存深耕,展示会,関東,中小,6,クロージング,2,受注,100,,西日本営業部,松本,510000,曙建設 スマート勤怠導入,
OPP-202407-00091,さくらケミカル,2024-07-10,2024-12-17,2024-10-11,IT,クラウド経費,更新,Web,関西,中堅,6,クロージング,2,受注,100,,西日本営業部,松本,2580000,さくらケミカル クラウド経費導入,
OPP-202407-00092,富士見物産,2024-07-31,2025-01-11,2024-10-26,製造,統合ダッシュボード,新規,紹介,中部,中堅,6,クロージング,2,受注,100,,第一営業部,加藤,4920000,富士見物産 統合ダッシュボード導入,
OPP-202407-00093,北斗フーズ,2024-07-05,2024-10-03,2024-09-22,製造,クラウド経費,既存深耕,インバウンド,関西,大企業,6,クロージング,3,失注,0,価格,第一営業部,加藤,10660000,北斗フーズ クラウド経費導入,
OPP-202407-00094,つばさ運輸,2024-07-26,2024-11-05,2024-09-29,製造,クラウド経費,既存深耕,インバウンド,関東,中小,6,クロージング,3,失注,0,競合,西日本営業部,松本,710000,つばさ運輸 クラウド経費導入,
OPP-202407-00095,大和精密,2024-07-26,2024-10-05,2024-09-30,製造,クラウド経費,既存深耕,インバウンド,関西,中堅,6,クロージング,2,受注,100,,第一営業部,中村,1750000,大和精密 クラウド経費導入,
OPP-202407-00096,富士見物産,2024-07-03,2024-08-09,2024-07-10,IT,統合ダッシュボード,既存深耕,紹介,関東,中堅,6,クロージング,2,受注,100,,第一営業部,中村,4650000,富士見物産 統合ダッシュボード導入,
OPP-202407-00097,山田製作所,2024-07-11,2024-08-14,2024-07-21,製造,統合ダッシュボード,既存深耕,展示会,関西,中堅,6,クロージング,2,受注,100,,第一営業部,中村,3800000,山田製作所 統合ダッシュボード導入,
OPP-202407-00098,青葉システムズ,2024-07-31,2025-01-04,2024-08-05,製造,スマート勤怠,新規,展示会,関東,中小,6,クロージング,2,受注,100,,第一営業部,中村,1910000,青葉システムズ スマート勤怠導入,
OPP-202407-00099,北斗フーズ,2024-07-17,2024-09-02,2024-08-21,製造,スマート勤怠,新規,Web,関東,中堅,6,クロージング,3,失注,0,競合,第一営業部,小林,3590000,北斗フーズ スマート勤怠導入,
OPP-202408-00100,山田製作所,2024-08-01,2025-01-26,2024-10-26,金融,統合ダッシュボード,新規,展示会,中部,中堅,6,クロージング,3,失注,0,価格,西日本営業部,山本,2800000,山田製作所 統合ダッシュボード導入,
OPP-202408-00101,富士見物産,2024-08-27,2024-10-07,2024-08-30,IT,クラウド経費,新規,展示会,関西,中小,6,クロージング,3,失注,0,価格,第一営業部,中村,1090000,富士見物産 クラウド経費導入,
OPP-202408-00102,富士見物産,2024-08-13,2024-12-15,2024-10-04,製造,クラウド経費,新規,紹介,中部,中小,6,クロージング,2,受注,100,,第一営業部,中村,1420000,富士見物産 クラウド経費導入,
OPP-202408-00103,北斗フーズ,2024-08-29,2024-11-13,2024-10-10,流通,クラウド経費,更新,Web,中部,中小,6,クロージング,2,受注,100,,第一営業部,加藤,560000,北斗フーズ クラウド経費導入,
OPP-202408-00104,曙建設,2024-08-22,2024-11-30,2024-08-30,公共,スマート勤怠,既存深耕,紹介,関西,中小,6,クロージング,3,失注,0,価格,第一営業部,小林,1930000,曙建設 スマート勤怠導入,
OPP-202408-00105,北斗フーズ,2024-08-13,2024-12-13,2024-10-25,IT,スマート勤怠,既存深耕,Web,関東,大企業,6,クロージング,2,受注,100,,西日本営業部,松本,3330000,北斗フーズ スマート勤怠導入,
OPP-202408-00106,さくらケミカル,2024-08-20,2024-09-25,2024-09-21,流通,クラウド経費,既存深耕,Web,関東,中堅,6,クロージング,3,失注,0,競合,第一営業部,中村,3870000,さくらケミカル クラウド経費導入,
OPP-202408-00107,富士見物産,2024-08-09,2024-12-30,2024-10-30,製造,クラウド経費,既存深耕,インバウンド,関東,大企業,6,クロージング,3,失注,0,時期,第一営業部,中村,10260000,富士見物産 クラウド経費導入,
OPP-202408-00108,北斗フーズ,2024-08-29,2025-02-21,2025-01-18,公共,クラウド経費,新規,展示会,関東,中小,6,クロージング,2,受注,100,,第一営業部,加藤,630000,北斗フーズ クラウド経費導入,
OPP-202408-00109,大和精密,2024-08-20,2024-10-07,2024-10-03,流通,クラウド経費,既存深耕,紹介,関東,中堅,6,クロージング,2,受注,100,,第一営業部,小林,3640000,大和精密 クラウド経費導入,
OPP-202408-00110,湊エレクトロニクス,2024-08-12,2024-11-27,2024-09-23,金融,スマート勤怠,更新,紹介,九州,大企業,6,クロージング,2,受注,100,,第一営業部,中村,10260000,湊エレクトロニクス スマート勤怠導入,
OPP-202408-00111,大和精密,2024-08-08,2024-10-20,2024-08-28,IT,スマート勤怠,既存深耕,Web,関東,中堅,6,クロージング,2,受注,100,,第一営業部,加藤,1870000,大和精密 スマート勤怠導入,
OPP-202408-00112,曙建設,2024-08-22,2024-11-13,2024-10-15,流通,統合ダッシュボード,新規,インバウンド,関東,中小,6,クロージング,3,失注,0,時期,西日本営業部,松本,370000,曙建設 統合ダッシュボード導入,
OPP-202408-00113,大和精密,2024-08-16,2025-01-05,2024-12-13,金融,スマート勤怠,新規,Web,関東,中堅,6,クロージング,2,受注,100,,西日本営業部,山本,2040000,大和精密 スマート勤怠導入,
OPP-202408-00114,さくらケミカル,2024-08-20,2024-10-20,2024-09-05,公共,統合ダッシュボード,更新,展示会,関東,中堅,6,クロージング,2,受注,100,,第一営業部,小林,1720000,さくらケミカル 統合ダッシュボード導入,
OPP-202408-00115,曙建設,2024-08-02,2025-01-06,2024-11-30,流通,統合ダッシュボード,更新,Web,九州,中小,6,クロージング,3,失注,0,競合,第一営業部,中村,1080000,曙建設 統合ダッシュボード導入,
OPP-202409-00116,湊エレクトロニクス,2024-09-16,2024-12-28,2024-09-30,流通,スマート勤怠,既存深耕,展示会,関東,中堅,6,クロージング,2,受注,100,,西日本営業部,松本,3200000,湊エレクトロニクス スマート勤怠導入,
OPP-202409-00117,さくらケミカル,2024-09-05,2025-01-28,2024-11-16,公共,スマート勤怠,既存深耕,Web,関東,中堅,6,クロージング,3,失注,0,予算,第一営業部,加藤,4190000,さくらケミカル スマート勤怠導入,
OPP-202409-00118,青葉システムズ,2024-09-20,2024-10-31,2024-10-12,流通,統合ダッシュボード,既存深耕,紹介,関東,中堅,6,クロージング,2,受注,100,,第一営業部,中村,3420000,青葉システムズ 統合ダッシュボード導入,
OPP-202409-00119,湊エレクトロニクス,2024-09-17,2025-02-24,2025-02-09,製造,統合ダッシュボード,新規,紹介,関西,中小,6,クロージング,2,受注,100,,第一営業部,加藤,1060000,湊エレクトロニクス 統合ダッシュボード導入,
OPP-202409-00120,さくらケミカル,2024-09-16,2024-12-22,2024-11-30,公共,統合ダッシュボード,既存深耕,Web,関西,中堅,6,クロージング,3,失注,0,競合,第一営業部,小林,4690000,さくらケミカル 統合ダッシュボード導入,
OPP-202409-00121,湊エレクトロニクス,2024-09-02,2024-11-19,2024-10-13,金融,クラウド経費,更新,展示会,関西,大企業,6,クロージング,2,受注,100,,西日本営業部,山本,7280000,湊エレクトロニクス クラウド経費導入,
OPP-202409-00122,青葉システムズ,2024-09-05,2024-12-27,2024-11-06,流通,クラウド経費,既存深耕,インバウンド,中部,中小,6,クロージング,3,失注,0,競合,第一営業部,加藤,1100000,青葉システムズ クラウド経費導入,
OPP-202409-00123,さくらケミカル,2024-09-06,2024-12-16,2024-10-05,金融,クラウド経費,更新,Web,中部,大企業,6,クロージング,2,受注,100,,第一営業部,中村,6040000,さくらケミカル クラウド経費導入,
OPP-202409-00124,富士見物産,2024-09-25,2025-02-03,2024-11-02,製造,スマート勤怠,更新,Web,関東,大企業,6,クロージング,3,失注,0,価格,西日本営業部,松本,5940000,富士見物産 スマート勤怠導入,
OPP-202409-00125,富士見物産,2024-09-23,2025-03-22,2024-10-06,金融,クラウド経費,新規,インバウンド,関東,中堅,6,クロージング,2,受注,100,,第一営業部,中村,4420000,富士見物産 クラウド経費導入,
OPP-202409-00126,山田製作所,2024-09-17,2025-01-29,2025-01-17,製造,スマート勤怠,既存深耕,Web,関東,中小,6,クロージング,3,失注,0,競合,西日本営業部,山本,810000,山田製作所 スマート勤怠導入,
OPP-202409-00127,大和精密,2024-09-25,2025-02-08,2024-11-10,金融,統合ダッシュボード,新規,Web,関西,中小,6,クロージング,3,失注,0,要件不一致,西日本営業部,山本,390000,大和精密 統合ダッシュボード導入,
OPP-202409-00128,北斗フーズ,2024-09-27,2025-01-07,2024-12-19,IT,統合ダッシュボード,更新,インバウンド,関東,中堅,6,クロージング,2,受注,100,,第一営業部,小林,3780000,北斗フーズ 統合ダッシュボード導入,
OPP-202409-00129,湊エレクトロニクス,2024-09-17,2025-01-11,2024-11-29,流通,スマート勤怠,新規,展示会,関西,大企業,6,クロージング,3,失注,0,時期,第一営業部,加藤,4970000,湊エレクトロニクス スマート勤怠導入,
OPP-202409-00130,青葉システムズ,2024-09-06,2024-10-07,2024-09-14,IT,クラウド経費,新規,Web,関東,大企業,6,クロージング,2,受注,100,,第一営業部,中村,7570000,青葉システムズ クラウド経費導入,
OPP-202409-00131,大和精密,2024-09-25,2025-02-05,2024-12-14,金融,クラウド経費,新規,紹介,関東,中堅,6,クロージング,3,失注,0,時期,第一営業部,中村,4270000,大和精密 クラウド経費導入,
OPP-202409-00132,曙建設,2024-09-30,2025-03-16,2024-11-25,製造,統合ダッシュボード,既存深耕,Web,九州,中堅,6,クロージング,3,失注,0,予算,西日本営業部,松本,4480000,曙建設 統合ダッシュボード導入,
OPP-202409-00133,みなと商事,2024-09-25,2025-03-20,2024-11-07,流通,クラウド経費,新規,インバウンド,関東,中小,6,クロージング,2,受注,100,,西日本営業部,山本,1130000,みなと商事 クラウド経費導入,
OPP-202409-00134,つばさ運輸,2024-09-17,2024-10-31,2024-10-31,公共,クラウド経費,更新,紹介,関東,大企業,6,クロージング,2,受注,100,,第一営業部,加藤,11260000,つばさ運輸 クラウド経費導入,
OPP-202409-00135,大和精密,2024-09-10,2025-02-07,2024-12-24,IT,クラウド経費,既存深耕,展示会,関東,大企業,6,クロージング,2,受注,100,,西日本営業部,山本,4840000,大和精密 クラウド経費導入,
OPP-202409-00136,青葉システムズ,2024-09-25,2025-01-22,2024-12-03,流通,統合ダッシュボード,既存深耕,インバウンド,関東,大企業,6,クロージング,2,受注,100,,西日本営業部,山本,7020000,青葉システムズ 統合ダッシュボード導入,
OPP-202409-00137,山田製作所,2024-09-17,2025-01-13,2024-10-12,公共,統合ダッシュボード,既存深耕,Web,関東,中堅,6,クロージング,2,受注,100,,第一営業部,小林,4710000,山田製作所 統合ダッシュボード導入,
OPP-202409-00138,青葉システムズ,2024-09-25,2024-11-06,2024-09-28,金融,統合ダッシュボード,更新,展示会,関東,中堅,6,クロージング,2,受注,100,,第一営業部,加藤,3050000,青葉システムズ 統合ダッシュボード導入,
OPP-202409-00139,山田製作所,2024-09-18,2024-12-17,2024-10-07,製造,統合ダッシュボード,新規,インバウンド,関西,中堅,6,クロージング,2,受注,100,,西日本営業部,松本,4380000,山田製作所 統合ダッシュボード導入,
OPP-202409-00140,大和精密,2024-09-17,2025-01-22,2024-10-28,製造,統合ダッシュボード,更新,インバウンド,関西,中堅,6,クロージング,3,失注,0,時期,第一営業部,小林,3090000,大和精密 統合ダッシュボード導入,
OPP-202409-00141,湊エレクトロニクス,2024-09-05,2025-02-24,2024-12-14,流通,統合ダッシュボード,新規,Web,中部,中小,6,クロージング,2,受注,100,,第一営業部,小林,920000,湊エレクトロニクス 統合ダッシュボード導入,
OPP-202410-00142,みなと商事,2024-10-09,2024-11-26,2024-11-16,IT,統合ダッシュボード,新規,Web,関東,大企業,6,クロージング,2,受注,100,,西日本営業部,山本,10410000,みなと商事 統合ダッシュボード導入,
OPP-202410-00143,つばさ運輸,2024-10-22,2025-01-22,2025-01-21,IT,スマート勤怠,更新,展示会,九州,中小,6,クロージング,3,失注,0,価格,第一営業部,小林,910000,つばさ運輸 スマート勤怠導入,
OPP-202410-00144,青葉システムズ,2024-10-18,2025-02-06,2024-12-05,流通,クラウド経費,新規,紹介,中部,中堅,6,クロージング,3,失注,0,価格,西日本営業部,松本,1230000,青葉システムズ クラウド経費導入,
OPP-202410-00145,山田製作所,2024-10-28,2025-04-03,2025-01-23,製造,統合ダッシュボード,既存深耕,紹介,関東,中堅,6,クロージング,2,受注,100,,第一営業部,中村,2310000,山田製作所 統合ダッシュボード導入,
OPP-202410-00146,富士見物産,2024-10-25,2025-04-07,2024-11-14,流通,クラウド経費,新規,展示会,関西,大企業,6,クロージング,2,受注,100,,西日本営業部,山本,11370000,富士見物産 クラウド経費導入,
OPP-202410-00147,青葉システムズ,2024-10-22,2025-03-24,2024-10-27,製造,クラウド経費,新規,展示会,関東,中堅,6,クロージング,3,失注,0,価格,第一営業部,加藤,3820000,青葉システムズ クラウド経費導入,
OPP-202410-00148,大和精密,2024-10-14,2025-03-27,2024-12-03,金融,スマート勤怠,既存深耕,Web,関東,中小,6,クロージング,2,受注,100,,第一営業部,中村,1880000,大和精密 スマート勤怠導入,
OPP-202410-00149,大和精密,2024-10-17,2024-11-24,2024-11-11,公共,スマート勤怠,更新,Web,関東,中堅,6,クロージング,2,受注,100,,第一営業部,中村,2930000,大和精密 スマート勤怠導入,
OPP-202410-00150,山田製作所,2024-10-18,2025-01-14,2024-12-30,公共,スマート勤怠,更新,Web,関東,中小,6,クロージング,2,受注,100,,西日本営業部,山本,1510000,山田製作所 スマート勤怠導入,
OPP-202410-00151,大和精密,2024-10-09,2025-02-17,2024-12-25,IT,クラウド経費,新規,インバウンド,関東,中小,6,クロージング,3,失注,0,価格,第一営業部,加藤,910000,大和精密 クラウド経費導入,
OPP-202410-00152,湊エレクトロニクス,2024-10-28,2024-12-22,2024-12-21,製造,クラウド経費,新規,インバウンド,関西,中堅,6,クロージング,2,受注,100,,西日本営業部,山本,1380000,湊エレクトロニクス クラウド経費導入,
OPP-202410-00153,曙建設,2024-10-11,2025-02-28,2025-01-17,流通,クラウド経費,新規,紹介,九州,中堅,6,クロージング,2,受注,100,,第一営業部,小林,1430000,曙建設 クラウド経費導入,
OPP-202410-00154,つばさ運輸,2024-10-25,2024-12-17,2024-11-14,公共,スマート勤怠,新規,Web,関西,中小,6,クロージング,2,受注,100,,第一営業部,中村,1430000,つばさ運輸 スマート勤怠導入,
OPP-202410-00155,みなと商事,2024-10-25,2025-02-15,2024-10-27,製造,スマート勤怠,既存深耕,紹介,関東,中堅,6,クロージング,3,失注,0,価格,第一営業部,加藤,2980000,みなと商事 スマート勤怠導入,
OPP-202410-00156,湊エレクトロニクス,2024-10-25,2024-12-31,2024-12-20,IT,統合ダッシュボード,既存深耕,展示会,関東,大企業,6,クロージング,2,受注,100,,第一営業部,小林,5820000,湊エレクトロニクス 統合ダッシュボード導入,
OPP-202410-00157,みなと商事,2024-10-14,2025-02-22,2025-01-20,流通,統合ダッシュボード,既存深耕,Web,関西,中堅,6,クロージング,2,受注,100,,第一営業部,中村,2680000,みなと商事 統合ダッシュボード導入,
OPP-202410-00158,曙建設,2024-10-15,2025-03-19,2024-12-17,製造,スマート勤怠,更新,展示会,関東,中小,6,クロージング,3,失注,0,価格,西日本営業部,松本,1010000,曙建設 スマート勤怠導入,
OPP-202410-00159,曙建設,2024-10-04,2024-11-20,2024-10-31,IT,スマート勤怠,更新,展示会,関西,中小,6,クロージング,3,失注,0,時期,第一営業部,小林,650000,曙建設 スマート勤怠導入,
OPP-202410-00160,北斗フーズ,2024-10-21,2025-03-07,2025-01-22,公共,クラウド経費,新規,インバウンド,関西,中堅,6,クロージング,2,受注,100,,第一営業部,加藤,4590000,北斗フーズ クラウド経費導入,
OPP-202410-00161,みなと商事,2024-10-29,2025-02-20,2024-12-24,製造,スマート勤怠,既存深耕,展示会,関西,中堅,6,クロージング,3,失注,0,価格,西日本営業部,松本,1500000,みなと商事 スマート勤怠導入,
OPP-202410-00162,湊エレクトロニクス,2024-10-09,2025-02-04,2024-12-10,金融,クラウド経費,新規,紹介,関西,中堅,6,クロージング,3,失注,0,価格,西日本営業部,山本,3120000,湊エレクトロニクス クラウド経費導入,
OPP-202410-00163,北斗フーズ,2024-10-30,2025-02-18,2024-11-05,流通,スマート勤怠,更新,Web,関東,大企業,6,クロージング,2,受注,100,,西日本営業部,松本,11290000,北斗フーズ スマート勤怠導入,
OPP-202410-00164,さくらケミカル,2024-10-23,2025-03-11,2024-12-22,金融,クラウド経費,新規,インバウンド,関東,大企業,6,クロージング,3,失注,0,予算,第一営業部,加藤,9440000,さくらケミカル クラウド経費導入,
OPP-202410-00165,山田製作所,2024-10-21,2024-12-06,2024-11-25,公共,統合ダッシュボード,既存深耕,紹介,関東,大企業,6,クロージング,2,受注,100,,第一営業部,加藤,4910000,山田製作所 統合ダッシュボード導入,
OPP-202410-00166,大和精密,2024-10-11,2025-03-07,2024-12-27,公共,クラウド経費,更新,紹介,関東,中堅,6,クロージング,3,失注,0,要件不一致,第一営業部,小林,4020000,大和精密 クラウド経費導入,
OPP-202410-00167,みなと商事,2024-10-03,2024-12-19,2024-12-11,製造,スマート勤怠,既存深耕,展示会,関東,中堅,6,クロージング,2,受注,100,,第一営業部,小林,4550000,みなと商事 スマート勤怠導入,
OPP-202410-00168,湊エレクトロニクス,2024-10-30,2025-01-02,2024-12-19,製造,スマート勤怠,新規,インバウンド,関西,中小,6,クロージング,2,受注,100,,西日本営業部,松本,1730000,湊エレクトロニクス スマート勤怠導入,
OPP-202410-00169,富士見物産,2024-10-17,2025-01-12,2024-11-08,流通,統合ダッシュボード,既存深耕,展示会,関東,中小,6,クロージング,2,受注,100,,第一営業部,小林,1470000,富士見物産 統合ダッシュボード導入,
OPP-202410-00170,湊エレクトロニクス,2024-10-24,2025-04-11,2025-02-10,流通,クラウド経費,新規,Web,九州,中堅,6,クロージング,2,受注,100,,西日本営業部,松本,1520000,湊エレクトロニクス クラウド経費導入,
OPP-202410-00171,つばさ運輸,2024-10-24,2025-01-15,2025-01-08,製造,統合ダッシュボード,既存深耕,紹介,中部,中堅,6,クロージング,3,失注,0,時期,西日本営業部,山本,4630000,つばさ運輸 統合ダッシュボード導入,
OPP-202411-00172,曙建設,2024-11-20,2025-03-04,2024-12-25,製造,スマート勤怠,新規,展示会,関東,大企業,6,クロージング,2,受注,100,,第一営業部,小林,11780000,曙建設 スマート勤怠導入,
OPP-202411-00173,北斗フーズ,2024-11-29,2025-02-04,2024-12-31,IT,クラウド経費,更新,インバウンド,中部,大企業,6,クロージング,3,失注,0,予算,西日本営業部,山本,9920000,北斗フーズ クラウド経費導入,
OPP-202411-00174,大和精密,2024-11-13,2025-04-08,2025-02-05,金融,スマート勤怠,新規,Web,中部,中堅,6,クロージング,3,失注,0,競合,西日本営業部,松本,4960000,大和精密 スマート勤怠導入,
OPP-202411-00175,富士見物産,2024-11-28,2025-03-06,2025-01-04,金融,クラウド経費,更新,Web,関東,中小,6,クロージング,2,受注,100,,西日本営業部,松本,1160000,富士見物産 クラウド経費導入,
OPP-202411-00176,富士見物産,2024-11-18,2025-04-09,2025-03-08,公共,統合ダッシュボード,更新,展示会,関西,中小,6,クロージング,2,受注,100,,第一営業部,中村,810000,富士見物産 統合ダッシュボード導入,
OPP-202411-00177,北斗フーズ,2024-11-05,2025-03-16,2025-01-04,IT,統合ダッシュボード,新規,紹介,関東,中堅,6,クロージング,3,失注,0,競合,西日本営業部,山本,1460000,北斗フーズ 統合ダッシュボード導入,
OPP-202411-00178,みなと商事,2024-11-04,2025-01-06,2024-11-19,製造,スマート勤怠,既存深耕,展示会,関西,中小,6,クロージング,2,受注,100,,西日本営業部,松本,1280000,みなと商事 スマート勤怠導入,
OPP-202411-00179,さくらケミカル,2024-11-26,2025-05-19,2025-05-12,IT,スマート勤怠,更新,Web,関東,中小,6,クロージング,2,受注,100,,第一営業部,加藤,720000,さくらケミカル スマート勤怠導入,
OPP-202411-00180,北斗フーズ,2024-11-15,2025-03-23,2025-03-05,IT,クラウド経費,既存深耕,展示会,中部,大企業,6,クロージング,2,受注,100,,第一営業部,加藤,6220000,北斗フーズ クラウド経費導入,
OPP-202411-00181,みなと商事,2024-11-26,2025-02-16,2025-01-31,製造,クラウド経費,既存深耕,紹介,九州,大企業,6,クロージング,2,受注,100,,西日本営業部,松本,4930000,みなと商事 クラウド経費導入,
OPP-202411-00182,つばさ運輸,2024-11-13,2025-01-15,2025-01-06,流通,スマート勤怠,既存深耕,Web,関西,中小,6,クロージング,2,受注,100,,西日本営業部,松本,1750000,つばさ運輸 スマート勤怠導入,
OPP-202411-00183,北斗フーズ,2024-11-14,2025-03-25,2025-03-23,公共,統合ダッシュボード,更新,展示会,関東,大企業,6,クロージング,2,受注,100,,第一営業部,中村,10850000,北斗フーズ 統合ダッシュボード導入,
OPP-202411-00184,みなと商事,2024-11-14,2025-04-30,2025-04-14,金融,クラウド経費,新規,展示会,関東,中小,6,クロージング,2,受注,100,,西日本営業部,山本,1920000,みなと商事 クラウド経費導入,
OPP-202411-00185,みなと商事,2024-11-25,2025-01-08,2025-01-07,製造,スマート勤怠,更新,展示会,関東,中小,6,クロージング,2,受注,100,,第一営業部,加藤,740000,みなと商事 スマート勤怠導入,
OPP-202411-00186,山田製作所,2024-11-04,2025-01-03,2024-11-06,製造,統合ダッシュボード,既存深耕,Web,関西,大企業,6,クロージング,3,失注,0,競合,第一営業部,小林,7390000,山田製作所 統合ダッシュボード導入,
OPP-202411-00187,富士見物産,2024-11-19,2025-02-15,2024-11-20,流通,スマート勤怠,更新,展示会,関東,中小,6,クロージング,3,失注,0,価格,西日本営業部,山本,330000,富士見物産 スマート勤怠導入,
OPP-202411-00188,青葉システムズ,2024-11-08,2025-02-28,2025-02-09,IT,スマート勤怠,更新,展示会,中部,中小,6,クロージング,2,受注,100,,西日本営業部,山本,1110000,青葉システムズ スマート勤怠導入,
OPP-202411-00189,みなと商事,2024-11-27,2025-03-09,2025-01-06,流通,統合ダッシュボード,新規,Web,九州,中小,6,クロージング,3,失注,0,価格,第一営業部,小林,1710000,みなと商事 統合ダッシュボード導入,
OPP-202411-00190,大和精密,2024-11-15,2025-05-03,2025-01-17,金融,スマート勤怠,既存深耕,Web,関西,中堅,6,クロージング,3,失注,0,価格,西日本営業部,山本,3090000,大和精密 スマート勤怠導入,
OPP-202411-00191,山田製作所,2024-11-01,2025-03-18,2024-11-17,IT,スマート勤怠,既存深耕,インバウンド,関西,大企業,6,クロージング,2,受注,100,,第一営業部,中村,4450000,山田製作所 スマート勤怠導入,
OPP-202411-00192,青葉システムズ,2024-11-08,2025-05-02,2025-04-27,公共,スマート勤怠,更新,展示会,関東,大企業,6,クロージング,2,受注,100,,西日本営業部,山本,4330000,青葉システムズ スマート勤怠導入,
OPP-202411-00193,さくらケミカル,2024-11-08,2025-05-06,2024-12-06,IT,スマート勤怠,更新,紹介,関東,大企業,6,クロージング,2,受注,100,,西日本営業部,山本,4680000,さくらケミカル スマート勤怠導入,
OPP-202411-00194,みなと商事,2024-11-15,2025-03-02,2025-02-13,金融,統合ダッシュボード,新規,紹介,関東,大企業,6,クロージング,3,失注,0,時期,第一営業部,加藤,5200000,みなと商事 統合ダッシュボード導入,
OPP-202412-00195,みなと商事,2024-12-27,2025-05-21,2025-05-17,公共,統合ダッシュボード,既存深耕,展示会,関東,中小,6,クロージング,2,受注,100,,第一営業部,小林,930000,みなと商事 統合ダッシュボード導入,
OPP-202412-00196,北斗フーズ,2024-12-04,2025-06-01,2024-12-24,製造,スマート勤怠,更新,展示会,関東,中堅,6,クロージング,2,受注,100,,西日本営業部,山本,1110000,北斗フーズ スマート勤怠導入,
OPP-202412-00197,富士見物産,2024-12-03,2025-04-22,2025-03-15,IT,スマート勤怠,更新,Web,関東,中小,6,クロージング,3,失注,0,競合,第一営業部,加藤,1270000,富士見物産 スマート勤怠導入,
OPP-202412-00198,北斗フーズ,2024-12-06,2025-05-07,2025-02-16,製造,スマート勤怠,新規,Web,関西,中堅,6,クロージング,2,受注,100,,第一営業部,加藤,2960000,北斗フーズ スマート勤怠導入,
OPP-202412-00199,湊エレクトロニクス,2024-12-05,2025-04-02,2025-02-08,製造,統合ダッシュボード,既存深耕,展示会,関東,中小,6,クロージング,3,失注,0,価格,第一営業部,小林,990000,湊エレクトロニクス 統合ダッシュボード導入,
OPP-202412-00200,つばさ運輸,2024-12-06,2025-02-14,2025-01-06,製造,クラウド経費,新規,Web,関西,中堅,6,クロージング,2,受注,100,,第一営業部,中村,2360000,つばさ運輸 クラウド経費導入,
OPP-202412-00201,山田製作所,2024-12-18,2025-03-03,2025-01-28,公共,統合ダッシュボード,既存深耕,インバウンド,関東,中小,6,クロージング,2,受注,100,,西日本営業部,山本,1210000,山田製作所 統合ダッシュボード導入,
OPP-202412-00202,さくらケミカル,2024-12-30,2025-03-14,2025-01-11,IT,クラウド経費,既存深耕,展示会,九州,中小,6,クロージング,2,受注,100,,第一営業部,小林,440000,さくらケミカル クラウド経費導入,
OPP-202412-00203,富士見物産,2024-12-20,2025-02-03,2025-01-27,製造,統合ダッシュボード,新規,展示会,関西,中小,6,クロージング,2,受注,100,,西日本営業部,松本,660000,富士見物産 統合ダッシュボード導入,
OPP-202412-00204,さくらケミカル,2024-12-25,2025-05-15,2025-04-29,IT,スマート勤怠,更新,紹介,関東,中堅,6,クロージング,3,失注,0,時期,第一営業部,中村,1890000,さくらケミカル スマート勤怠導入,
OPP-202412-00205,曙建設,2024-12-23,2025-01-22,2025-01-11,公共,スマート勤怠,既存深耕,展示会,関東,中堅,6,クロージング,3,失注,0,競合,第一営業部,加藤,4940000,曙建設 スマート勤怠導入,
OPP-202412-00206,曙建設,2024-12-31,2025-03-31,2025-02-10,製造,クラウド経費,既存深耕,Web,関東,中堅,6,クロージング,2,受注,100,,第一営業部,中村,1850000,曙建設 クラウド経費導入,
OPP-202412-00207,さくらケミカル,2024-12-31,2025-05-22,2025-02-12,流通,スマート勤怠,新規,展示会,関東,大企業,6,クロージング,3,失注,0,予算,第一営業部,小林,8040000,さくらケミカル スマート勤怠導入,
OPP-202412-00208,みなと商事,2024-12-13,2025-03-28,2025-01-16,IT,クラウド経費,既存深耕,Web,関東,中堅,6,クロージング,2,受注,100,,西日本営業部,山本,1530000,みなと商事 クラウド経費導入,
OPP-202412-00209,青葉システムズ,2024-12-03,2025-04-22,2025-01-15,製造,スマート勤怠,更新,インバウンド,関東,中小,6,クロージング,3,失注,0,時期,西日本営業部,山本,1410000,青葉システムズ スマート勤怠導入,
OPP-202412-00210,つばさ運輸,2024-12-06,2025-01-17,2025-01-11,IT,スマート勤怠,既存深耕,インバウンド,関西,中堅,6,クロージング,2,受注,100,,第一営業部,中村,3510000,つばさ運輸 スマート勤怠導入,
OPP-202412-00211,青葉システムズ,2024-12-05,2025-05-05,2025-02-22,製造,統合ダッシュボード,既存深耕,Web,関東,大企業,6,クロージング,3,失注,0,予算,西日本営業部,山本,7820000,青葉システムズ 統合ダッシュボード導入,
OPP-202412-00212,みなと商事,2024-12-16,2025-03-13,2025-02-27,金融,スマート勤怠,既存深耕,紹介,関東,大企業,6,クロージング,3,失注,0,価格,第一営業部,小林,10700000,みなと商事 スマート勤怠導入,
OPP-202412-00213,さくらケミカル,2024-12-23,2025-05-23,2025-02-22,IT,スマート勤怠,更新,展示会,関東,中堅,6,クロージング,2,受注,100,,第一営業部,加藤,3430000,さくらケミカル スマート勤怠導入,
OPP-202501-00214,山田製作所,2025-01-10,2025-03-23,2025-02-04,流通,統合ダッシュボード,更新,Web,関西,大企業,6,クロージング,3,失注,0,価格,西日本営業部,山本,7330000,山田製作所 統合ダッシュボード導入,
OPP-202501-00215,つばさ運輸,2025-01-03,2025-06-24,2025-03-28,IT,クラウド経費,更新,展示会,九州,中小,6,クロージング,2,受注,100,,第一営業部,小林,1000000,つばさ運輸 クラウド経費導入,
OPP-202501-00216,山田製作所,2025-01-17,2025-03-15,2025-01-24,公共,クラウド経費,既存深耕,紹介,関東,大企業,6,クロージング,2,受注,100,,第一営業部,中村,11040000,山田製作所 クラウド経費導入,
OPP-202501-00217,さくらケミカル,2025-01-10,2025-05-22,2025-04-05,IT,スマート勤怠,既存深耕,Web,関西,大企業,6,クロージング,2,受注,100,,第一営業部,加藤,10070000,さくらケミカル スマート勤怠導入,
OPP-202501-00218,大和精密,2025-01-08,2025-04-06,2025-03-06,IT,スマート勤怠,更新,紹介,関東,中堅,6,クロージング,2,受注,100,,西日本営業部,山本,4960000,大和精密 スマート勤怠導入,
OPP-202501-00219,青葉システムズ,2025-01-27,2025-03-12,2025-02-07,金融,スマート勤怠,既存深耕,インバウンド,関東,中堅,6,クロージング,2,受注,100,,第一営業部,小林,1330000,青葉システムズ スマート勤怠導入,
OPP-202501-00220,北斗フーズ,2025-01-10,2025-06-05,2025-04-13,公共,クラウド経費,既存深耕,展示会,中部,大企業,6,クロージング,2,受注,100,,第一営業部,中村,10210000,北斗フーズ クラウド経費導入,
OPP-202501-00221,富士見物産,2025-01-07,2025-07-06,2025-04-06,流通,クラウド経費,新規,展示会,関東,中堅,6,クロージング,2,受注,100,,第一営業部,小林,1830000,富士見物産 クラウド経費導入,
OPP-202501-00222,みなと商事,2025-01-27,2025-05-05,2025-04-03,製造,スマート勤怠,新規,Web,九州,中小,6,クロージング,3,失注,0,価格,西日本営業部,山本,320000,みなと商事 スマート勤怠導入,
OPP-202501-00223,北斗フーズ,2025-01-16,2025-05-22,2025-03-16,金融,スマート勤怠,新規,Web,関東,中小,6,クロージング,3,失注,0,価格,西日本営業部,松本,1490000,北斗フーズ スマート勤怠導入,
OPP-202501-00224,曙建設,2025-01-10,2025-04-26,2025-03-13,流通,スマート勤怠,既存深耕,Web,中部,中堅,6,クロージング,3,失注,0,価格,西日本営業部,松本,2410000,曙建設 スマート勤怠導入,
OPP-202501-00225,大和精密,2025-01-21,2025-06-03,2025-02-26,金融,統合ダッシュボード,既存深耕,展示会,関西,大企業,6,クロージング,3,失注,0,時期,第一営業部,加藤,9710000,大和精密 統合ダッシュボード導入,
OPP-202501-00226,青葉システムズ,2025-01-16,2025-05-17,2025-05-05,流通,クラウド経費,既存深耕,インバウンド,中部,中堅,6,クロージング,2,受注,100,,西日本営業部,松本,1870000,青葉システムズ クラウド経費導入,
OPP-202501-00227,北斗フーズ,2025-01-27,2025-03-20,2025-02-11,製造,クラウド経費,更新,Web,関西,中小,6,クロージング,2,受注,100,,西日本営業部,松本,1080000,北斗フーズ クラウド経費導入,
OPP-202501-00228,さくらケミカル,2025-01-14,2025-06-13,2025-05-23,製造,スマート勤怠,更新,Web,中部,中堅,6,クロージング,3,失注,0,価格,西日本営業部,山本,4480000,さくらケミカル スマート勤怠導入,
OPP-202501-00229,山田製作所,2025-01-13,2025-05-03,2025-02-06,IT,スマート勤怠,更新,紹介,九州,中小,6,クロージング,3,失注,0,予算,西日本営業部,山本,1540000,山田製作所 スマート勤怠導入,
OPP-202501-00230,山田製作所,2025-01-21,2025-03-25,2025-03-03,製造,スマート勤怠,更新,展示会,中部,中堅,6,クロージング,3,失注,0,競合,西日本営業部,山本,3190000,山田製作所 スマート勤怠導入,
OPP-202501-00231,山田製作所,2025-01-31,2025-05-04,2025-03-17,金融,クラウド経費,更新,インバウンド,中部,中堅,6,クロージング,2,受注,100,,第一営業部,中村,2590000,山田製作所 クラウド経費導入,
OPP-202501-00232,北斗フーズ,2025-01-13,2025-03-18,2025-03-17,製造,スマート勤怠,更新,Web,関西,中堅,6,クロージング,2,受注,100,,第一営業部,加藤,2830000,北斗フーズ スマート勤怠導入,
OPP-202501-00233,青葉システムズ,2025-01-07,2025-02-15,2025-01-24,製造,スマート勤怠,更新,展示会,関東,中堅,6,クロージング,2,受注,100,,第一営業部,加藤,4940000,青葉システムズ スマート勤怠導入,
OPP-202501-00234,みなと商事,2025-01-20,2025-04-12,2025-04-11,金融,スマート勤怠,既存深耕,紹介,関東,中堅,6,クロージング,3,失注,0,価格,第一営業部,中村,3150000,みなと商事 スマート勤怠導入,
OPP-202502-00235,曙建設,2025-02-04,2025-07-11,2025-03-28,金融,スマート勤怠,更新,展示会,関西,大企業,6,クロージング,2,受注,100,,第一営業部,中村,10960000,曙建設 スマート勤怠導入,
OPP-202502-00236,さくらケミカル,2025-02-27,2025-04-01,2025-03-07,公共,スマート勤怠,新規,Web,関東,中小,6,クロージング,3,失注,0,予算,第一営業部,中村,1560000,さくらケミカル スマート勤怠導入,
OPP-202502-00237,湊エレクトロニクス,2025-02-05,2025-04-01,2025-02-08,製造,クラウド経費,更新,Web,関西,中小,6,クロージング,3,失注,0,予算,第一営業部,中村,1220000,湊エレクトロニクス クラウド経費導入,
OPP-202502-00238,みなと商事,2025-02-26,2025-06-04,2025-03-10,製造,クラウド経費,新規,インバウンド,関西,大企業,6,クロージング,3,失注,0,競合,第一営業部,小林,6500000,みなと商事 クラウド経費導入,
OPP-202502-00239,富士見物産,2025-02-06,2025-03-23,2025-02-17,製造,スマート勤怠,更新,Web,関西,中小,6,クロージング,3,失注,0,価格,第一営業部,加藤,1810000,富士見物産 スマート勤怠導入,
OPP-202502-00240,北斗フーズ,2025-02-26,2025-07-30,2025-06-12,金融,クラウド経費,既存深耕,インバウンド,中部,中小,6,クロージング,2,受注,100,,西日本営業部,松本,1420000,北斗フーズ クラウド経費導入,
OPP-202502-00241,山田製作所,2025-02-03,2025-07-15,2025-07-12,公共,クラウド経費,更新,Web,関西,中小,6,クロージング,2,受注,100,,西日本営業部,松本,540000,山田製作所 クラウド経費導入,
OPP-202502-00242,富士見物産,2025-02-14,2025-04-25,2025-04-16,流通,クラウド経費,既存深耕,インバウンド,関西,中小,6,クロージング,2,受注,100,,第一営業部,加藤,1560000,富士見物産 クラウド経費導入,
OPP-202502-00243,富士見物産,2025-02-28,2025-07-25,2025-07-25,製造,スマート勤怠,新規,Web,関西,中堅,6,クロージング,2,受注,100,,西日本営業部,山本,3290000,富士見物産 スマート勤怠導入,
OPP-202502-00244,さくらケミカル,2025-02-03,2025-05-21,2025-04-16,製造,クラウド経費,既存深耕,展示会,関東,中堅,6,クロージング,3,失注,0,価格,第一営業部,中村,4430000,さくらケミカル クラウド経費導入,
OPP-202502-00245,つばさ運輸,2025-02-11,2025-05-08,2025-03-29,IT,スマート勤怠,更新,Web,関西,中堅,6,クロージング,2,受注,100,,第一営業部,中村,4240000,つばさ運輸 スマート勤怠導入,
OPP-202502-00246,さくらケミカル,2025-02-26,2025-05-17,2025-04-18,公共,スマート勤怠,新規,展示会,関西,中小,6,クロージング,2,受注,100,,第一営業部,加藤,850000,さくらケミカル スマート勤怠導入,
OPP-202502-00247,さくらケミカル,2025-02-27,2025-08-26,2025-04-03,製造,スマート勤怠,更新,インバウンド,関西,中小,6,クロージング,3,失注,0,要件不一致,第一営業部,加藤,310000,さくらケミカル スマート勤怠導入,
OPP-202502-00248,青葉システムズ,2025-02-17,2025-04-14,2025-03-28,IT,クラウド経費,既存深耕,インバウンド,関東,中堅,6,クロージング,2,受注,100,,西日本営業部,山本,4100000,青葉システムズ クラウド経費導入,
OPP-202502-00249,青葉システムズ,2025-02-11,2025-04-17,2025-03-22,IT,統合ダッシュボード,更新,紹介,九州,中小,6,クロージング,2,受注,100,,第一営業部,中村,1700000,青葉システムズ 統合ダッシュボード導入,
OPP-202502-00250,湊エレクトロニクス,2025-02-28,2025-08-05,2025-05-22,金融,スマート勤怠,既存深耕,紹介,関東,中堅,6,クロージング,2,受注,100,,西日本営業部,山本,4630000,湊エレクトロニクス スマート勤怠導入,
OPP-202502-00251,富士見物産,2025-02-04,2025-03-09,2025-02-06,金融,統合ダッシュボード,既存深耕,Web,中部,中堅,6,クロージング,2,受注,100,,西日本営業部,松本,2950000,富士見物産 統合ダッシュボード導入,
OPP-202502-00252,つばさ運輸,2025-02-05,2025-07-23,2025-06-01,製造,クラウド経費,更新,Web,関東,大企業,6,クロージング,2,受注,100,,西日本営業部,山本,4040000,つばさ運輸 クラウド経費導入,
OPP-202502-00253,湊エレクトロニクス,2025-02-20,2025-04-03,2025-03-17,IT,クラウド経費,既存深耕,展示会,中部,中小,6,クロージング,3,失注,0,競合,第一営業部,加藤,1100000,湊エレクトロニクス クラウド経費導入,
OPP-202502-00254,大和精密,2025-02-18,2025-08-17,2025-07-23,製造,統合ダッシュボード,更新,紹介,関東,中堅,6,クロージング,2,受注,100,,西日本営業部,松本,2000000,大和精密 統合ダッシュボード導入,
OPP-202502-00255,大和精密,2025-02-25,2025-08-16,2025-04-08,流通,統合ダッシュボード,新規,インバウンド,中部,大企業,6,クロージング,2,受注,100,,第一営業部,小林,8980000,大和精密 統合ダッシュボード導入,
OPP-202502-00256,富士見物産,2025-02-28,2025-06-15,2025-05-13,公共,スマート勤怠,新規,紹介,関東,中小,6,クロージング,2,受注,100,,第一営業部,加藤,1700000,富士見物産 スマート勤怠導入,
OPP-202502-00257,さくらケミカル,2025-02-12,2025-05-09,2025-05-08,流通,統合ダッシュボード,既存深耕,Web,関東,中堅,6,クロージング,3,失注,0,価格,第一営業部,小林,2840000,さくらケミカル 統合ダッシュボード導入,
OPP-202503-00258,曙建設,2025-03-10,2025-06-10,2025-06-06,流通,統合ダッシュボード,更新,インバウンド,関東,中堅,6,クロージング,3,失注,0,予算,第一営業部,加藤,2950000,曙建設 統合ダッシュボード導入,
OPP-202503-00259,大和精密,2025-03-26,2025-07-09,2025-04-20,金融,スマート勤怠,更新,インバウンド,関東,中小,6,クロージング,3,失注,0,価格,第一営業部,中村,510000,大和精密 スマート勤怠導入,
OPP-202503-00260,湊エレクトロニクス,2025-03-31,2025-09-14,2025-07-21,流通,クラウド経費,新規,Web,関東,中堅,6,クロージング,3,失注,0,時期,西日本営業部,山本,1360000,湊エレクトロニクス クラウド経費導入,
OPP-202503-00261,富士見物産,2025-03-24,2025-08-05,2025-07-06,公共,スマート勤怠,新規,展示会,関東,大企業,6,クロージング,2,受注,100,,西日本営業部,松本,7430000,富士見物産 スマート勤怠導入,
OPP-202503-00262,みなと商事,2025-03-11,2025-05-07,2025-04-24,金融,クラウド経費,既存深耕,Web,関西,中小,6,クロージング,2,受注,100,,第一営業部,加藤,1070000,みなと商事 クラウド経費導入,
OPP-202503-00263,富士見物産,2025-03-20,2025-05-25,2025-05-07,流通,統合ダッシュボード,新規,展示会,関東,中小,6,クロージング,2,受注,100,,西日本営業部,松本,320000,富士見物産 統合ダッシュボード導入,
OPP-202503-00264,みなと商事,2025-03-18,2025-06-10,2025-06-09,製造,クラウド経費,既存深耕,Web,関東,大企業,6,クロージング,2,受注,100,,西日本営業部,松本,11710000,みなと商事 クラウド経費導入,
OPP-202503-00265,つばさ運輸,2025-03-17,2025-09-03,2025-04-04,金融,スマート勤怠,新規,Web,関西,大企業,6,クロージング,2,受注,100,,西日本営業部,松本,5560000,つばさ運輸 スマート勤怠導入,
OPP-202503-00266,富士見物産,2025-03-04,2025-07-27,2025-05-22,IT,スマート勤怠,既存深耕,展示会,関東,大企業,6,クロージング,2,受注,100,,第一営業部,小林,10100000,富士見物産 スマート勤怠導入,
OPP-202503-00267,さくらケミカル,2025-03-19,2025-07-19,2025-06-21,IT,統合ダッシュボード,新規,紹介,中部,中小,6,クロージング,2,受注,100,,西日本営業部,松本,1140000,さくらケミカル 統合ダッシュボード導入,
OPP-202503-00268,湊エレクトロニクス,2025-03-12,2025-04-30,2025-03-14,製造,クラウド経費,新規,紹介,中部,中小,6,クロージング,3,失注,0,予算,第一営業部,加藤,1910000,湊エレクトロニクス クラウド経費導入,
OPP-202503-00269,曙建設,2025-03-27,2025-06-22,2025-06-11,製造,スマート勤怠,新規,インバウンド,関西,中堅,6,クロージング,3,失注,0,時期,第一営業部,小林,2480000,曙建設 スマート勤怠導入,
OPP-202503-00270,みなと商事,2025-03-05,2025-05-09,2025-03-28,流通,クラウド経費,既存深耕,インバウンド,中部,中堅,6,クロージング,2,受注,100,,第一営業部,加藤,3890000,みなと商事 クラウド経費導入,
OPP-202503-00271,北斗フーズ,2025-03-31,2025-06-21,2025-05-17,公共,クラウド経費,新規,展示会,関西,大企業,6,クロージング,2,受注,100,,第一営業部,中村,6970000,北斗フーズ クラウド経費導入,
OPP-202503-00272,湊エレクトロニクス,2025-03-21,2025-05-09,2025-04-15,金融,スマート勤怠,更新,Web,関西,中堅,6,クロージング,2,受注,100,,第一営業部,加藤,2140000,湊エレクトロニクス スマート勤怠導入,
OPP-202503-00273,さくらケミカル,2025-03-17,2025-06-26,2025-04-10,流通,クラウド経費,既存深耕,Web,関東,大企業,6,クロージング,2,受注,100,,第一営業部,加藤,4610000,さくらケミカル クラウド経費導入,
OPP-202503-00274,みなと商事,2025-03-12,2025-07-25,2025-03-24,金融,スマート勤怠,新規,展示会,関西,中堅,6,クロージング,2,受注,100,,第一営業部,加藤,1650000,みなと商事 スマート勤怠導入,
OPP-202503-00275,湊エレクトロニクス,2025-03-19,2025-04-22,2025-04-07,製造,クラウド経費,新規,展示会,関東,中小,6,クロージング,3,失注,0,要件不一致,第一営業部,加藤,850000,湊エレクトロニクス クラウド経費導入,
OPP-202503-00276,富士見物産,2025-03-20,2025-05-31,2025-05-03,製造,統合ダッシュボード,既存深耕,Web,中部,大企業,6,クロージング,3,失注,0,要件不一致,西日本営業部,松本,9100000,富士見物産 統合ダッシュボード導入,
OPP-202504-00277,北斗フーズ,2025-04-03,2025-05-12,2025-05-08,製造,スマート勤怠,更新,Web,関東,大企業,6,クロージング,3,失注,0,競合,第一営業部,小林,4200000,北斗フーズ スマート勤怠導入,
OPP-202504-00278,曙建設,2025-04-03,2025-06-30,2025-06-04,金融,スマート勤怠,更新,Web,関東,中堅,6,クロージング,3,失注,0,予算,西日本営業部,松本,2950000,曙建設 スマート勤怠導入,
OPP-202504-00279,曙建設,2025-04-24,2025-07-28,2025-07-24,製造,スマート勤怠,既存深耕,展示会,中部,大企業,6,クロージング,2,受注,100,,西日本営業部,松本,10610000,曙建設 スマート勤怠導入,
OPP-202504-00280,湊エレクトロニクス,2025-04-01,2025-07-06,2025-05-26,製造,クラウド経費,既存深耕,紹介,関東,大企業,6,クロージング,3,失注,0,競合,西日本営業部,松本,9260000,湊エレクトロニクス クラウド経費導入,
OPP-202504-00281,つばさ運輸,2025-04-09,2025-08-18,2025-05-10,流通,クラウド経費,既存深耕,紹介,関西,大企業,6,クロージング,3,失注,0,時期,第一営業部,小林,7570000,つばさ運輸 クラウド経費導入,
OPP-202504-00282,つばさ運輸,2025-04-23,2025-05-24,2025-05-20,流通,クラウド経費,更新,Web,関西,大企業,6,クロージング,3,失注,0,価格,第一営業部,加藤,9140000,つばさ運輸 クラウド経費導入,
OPP-202504-00283,つばさ運輸,2025-04-14,2025-05-28,2025-04-26,流通,クラウド経費,既存深耕,インバウンド,関東,中堅,6,クロージング,3,失注,0,時期,第一営業部,加藤,3240000,つばさ運輸 クラウド経費導入,
OPP-202504-00284,湊エレクトロニクス,2025-04-01,2025-05-01,2025-04-04,製造,スマート勤怠,既存深耕,Web,関東,大企業,6,クロージング,3,失注,0,要件不一致,第一営業部,中村,10980000,湊エレクトロニクス スマート勤怠導入,
OPP-202504-00285,つばさ運輸,2025-04-22,2025-08-18,2025-05-28,流通,クラウド経費,新規,展示会,関東,中小,6,クロージング,3,失注,0,価格,西日本営業部,松本,790000,つばさ運輸 クラウド経費導入,
OPP-202504-00286,山田製作所,2025-04-15,2025-09-29,2025-09-10,製造,スマート勤怠,新規,展示会,関東,中小,6,クロージング,3,失注,0,価格,西日本営業部,松本,1430000,山田製作所 スマート勤怠導入,
OPP-202504-00287,さくらケミカル,2025-04-16,2025-07-11,2025-05-16,IT,クラウド経費,既存深耕,Web,関東,大企業,6,クロージング,3,失注,0,予算,第一営業部,加藤,7220000,さくらケミカル クラウド経費導入,
OPP-202504-00288,大和精密,2025-04-17,2025-07-11,2025-05-22,製造,スマート勤怠,既存深耕,インバウンド,関東,中小,6,クロージング,3,失注,0,価格,第一営業部,小林,780000,大和精密 スマート勤怠導入,
OPP-202504-00289,つばさ運輸,2025-04-16,2025-09-19,2025-09-02,IT,スマート勤怠,新規,展示会,関西,大企業,6,クロージング,3,失注,0,要件不一致,第一営業部,中村,11680000,つばさ運輸 スマート勤怠導入,
OPP-202504-00290,富士見物産,2025-04-16,2025-07-11,2025-05-03,IT,統合ダッシュボード,既存深耕,紹介,関東,中小,6,クロージング,3,失注,0,価格,第一営業部,小林,1380000,富士見物産 統合ダッシュボード導入,
OPP-202504-00291,湊エレクトロニクス,2025-04-16,2025-05-19,2025-05-11,流通,統合ダッシュボード,更新,Web,関東,中堅,6,クロージング,3,失注,0,競合,第一営業部,中村,2660000,湊エレクトロニクス 統合ダッシュボード導入,
OPP-202504-00292,大和精密,2025-04-28,2025-08-29,2025-06-03,製造,クラウド経費,既存深耕,紹介,関西,大企業,6,クロージング,3,失注,0,競合,西日本営業部,松本,8850000,大和精密 クラウド経費導入,
OPP-202504-00293,大和精密,2025-04-22,2025-07-06,2025-05-10,IT,クラウド経費,更新,展示会,中部,中小,6,クロージング,2,受注,100,,第一営業部,中村,1910000,大和精密 クラウド経費導入,
OPP-202504-00294,富士見物産,2025-04-17,2025-06-10,2025-05-09,製造,クラウド経費,既存深耕,紹介,関西,大企業,6,クロージング,2,受注,100,,西日本営業部,松本,5660000,富士見物産 クラウド経費導入,
OPP-202504-00295,大和精密,2025-04-18,2025-07-29,2025-07-14,流通,スマート勤怠,新規,Web,関西,中堅,6,クロージング,2,受注,100,,西日本営業部,山本,3610000,大和精密 スマート勤怠導入,
OPP-202504-00296,みなと商事,2025-04-16,2025-10-09,2025-05-05,流通,スマート勤怠,既存深耕,展示会,関東,中小,6,クロージング,2,受注,100,,第一営業部,加藤,500000,みなと商事 スマート勤怠導入,
OPP-202504-00297,大和精密,2025-04-11,2025-08-24,2025-04-17,公共,クラウド経費,既存深耕,インバウンド,中部,中小,6,クロージング,2,受注,100,,西日本営業部,松本,620000,大和精密 クラウド経費導入,
OPP-202504-00298,みなと商事,2025-04-24,2025-06-19,2025-05-04,製造,スマート勤怠,新規,インバウンド,関西,大企業,6,クロージング,2,受注,100,,西日本営業部,山本,3860000,みなと商事 スマート勤怠導入,
OPP-202504-00299,大和精密,2025-04-21,2025-08-12,2025-06-20,製造,クラウド経費,既存深耕,展示会,関西,大企業,6,クロージング,3,失注,0,要件不一致,第一営業部,小林,8530000,大和精密 クラウド経費導入,
OPP-202504-00300,北斗フーズ,2025-04-30,2025-10-13,2025-07-28,IT,クラウド経費,新規,Web,関西,中堅,6,クロージング,2,受注,100,,第一営業部,加藤,3460000,北斗フーズ クラウド経費導入,
OPP-202504-00301,富士見物産,2025-04-18,2025-09-15,2025-08-22,製造,スマート勤怠,新規,展示会,関西,中小,6,クロージング,2,受注,100,,第一営業部,小林,1520000,富士見物産 スマート勤怠導入,
OPP-202504-00302,大和精密,2025-04-10,2025-08-17,2025-06-06,金融,クラウド経費,既存深耕,展示会,中部,中堅,6,クロージング,3,失注,0,価格,第一営業部,加藤,3160000,大和精密 クラウド経費導入,
OPP-202504-00303,曙建設,2025-04-21,2025-06-24,2025-06-19,IT,クラウド経費,新規,Web,中部,中堅,6,クロージング,2,受注,100,,西日本営業部,山本,4160000,曙建設 クラウド経費導入,
OPP-202504-00304,富士見物産,2025-04-15,2025-09-04,2025-06-14,製造,スマート勤怠,新規,Web,関東,大企業,6,クロージング,3,失注,0,価格,第一営業部,加藤,3150000,富士見物産 スマート勤怠導入,
OPP-202504-00305,大和精密,2025-04-16,2025-05-30,2025-05-12,公共,クラウド経費,既存深耕,Web,関東,大企業,6,クロージング,2,受注,100,,西日本営業部,山本,3730000,大和精密 クラウド経費導入,
OPP-202504-00306,大和精密,2025-04-18,2025-05-26,2025-04-25,IT,統合ダッシュボード,新規,Web,関東,中小,6,クロージング,2,受注,100,,第一営業部,加藤,1630000,大和精密 統合ダッシュボード導入,
OPP-202504-00307,青葉システムズ,2025-04-22,2025-09-22,2025-06-12,公共,スマート勤怠,新規,Web,関東,中小,6,クロージング,3,失注,0,競合,第一営業部,小林,430000,青葉システムズ スマート勤怠導入,
OPP-202504-00308,つばさ運輸,2025-04-28,2025-10-23,2025-08-28,金融,スマート勤怠,新規,紹介,関東,中小,6,クロージング,3,失注,0,時期,第一営業部,中村,690000,つばさ運輸 スマート勤怠導入,
OPP-202504-00309,富士見物産,2025-04-25,2025-06-26,2025-05-16,製造,クラウド経費,更新,インバウンド,関西,大企業,6,クロージング,2,受注,100,,西日本営業部,山本,8710000,富士見物産 クラウド経費導入,
OPP-202505-00310,富士見物産,2025-05-26,2025-11-10,2025-07-14,公共,スマート勤怠,既存深耕,Web,関東,大企業,6,クロージング,3,失注,0,競合,西日本営業部,松本,8560000,富士見物産 スマート勤怠導入,
OPP-202505-00311,大和精密,2025-05-12,2025-10-05,2025-09-19,IT,クラウド経費,更新,展示会,関西,中堅,6,クロージング,2,受注,100,,西日本営業部,松本,2940000,大和精密 クラウド経費導入,
OPP-202505-00312,さくらケミカル,2025-05-06,2025-10-24,2025-07-18,公共,スマート勤怠,既存深耕,Web,関西,中堅,6,クロージング,2,受注,100,,第一営業部,小林,2650000,さくらケミカル スマート勤怠導入,
OPP-202505-00313,みなと商事,2025-05-14,2025-06-21,2025-06-08,流通,スマート勤怠,更新,展示会,中部,大企業,6,クロージング,2,受注,100,,第一営業部,中村,9730000,みなと商事 スマート勤怠導入,
OPP-202505-00314,曙建設,2025-05-16,2025-10-12,2025-06-01,製造,スマート勤怠,既存深耕,展示会,九州,大企業,6,クロージング,3,失注,0,競合,第一営業部,中村,10610000,曙建設 スマート勤怠導入,
OPP-202505-00315,山田製作所,2025-05-29,2025-07-23,2025-07-03,IT,スマート勤怠,新規,展示会,関東,中小,6,クロージング,3,失注,0,競合,西日本営業部,山本,790000,山田製作所 スマート勤怠導入,
OPP-202505-00316,北斗フーズ,2025-05-22,2025-07-17,2025-06-03,金融,クラウド経費,更新,Web,関西,中堅,6,クロージング,2,受注,100,,西日本営業部,松本,3810000,北斗フーズ クラウド経費導入,
OPP-202505-00317,北斗フーズ,2025-05-13,2025-09-30,2025-08-04,金融,クラウド経費,更新,インバウンド,関西,中小,6,クロージング,3,失注,0,時期,西日本営業部,松本,1740000,北斗フーズ クラウド経費導入,
OPP-202505-00318,大和精密,2025-05-07,2025-08-22,2025-06-05,流通,スマート勤怠,更新,展示会,関東,大企業,6,クロージング,2,受注,100,,第一営業部,中村,5190000,大和精密 スマート勤怠導入,
OPP-202505-00319,大和精密,2025-05-28,2025-09-28,2025-06-29,IT,クラウド経費,既存深耕,Web,関東,中堅,6,クロージング,3,失注,0,価格,第一営業部,小林,2530000,大和精密 クラウド経費導入,
OPP-202505-00320,つばさ運輸,2025-05-19,2025-09-02,2025-08-31,公共,クラウド経費,更新,展示会,中部,中堅,6,クロージング,2,受注,100,,第一営業部,中村,3950000,つばさ運輸 クラウド経費導入,
OPP-202505-00321,さくらケミカル,2025-05-13,2025-09-17,2025-07-20,流通,クラウド経費,既存深耕,インバウンド,中部,大企業,6,クロージング,2,受注,100,,西日本営業部,山本,3420000,さくらケミカル クラウド経費導入,
OPP-202505-00322,つばさ運輸,2025-05-19,2025-08-31,2025-06-07,製造,クラウド経費,更新,インバウンド,中部,中堅,6,クロージング,3,失注,0,価格,第一営業部,小林,1420000,つばさ運輸 クラウド経費導入,
OPP-202505-00323,湊エレクトロニクス,2025-05-16,2025-09-24,2025-07-06,流通,スマート勤怠,既存深耕,Web,関東,大企業,6,クロージング,3,失注,0,競合,第一営業部,小林,10530000,湊エレクトロニクス スマート勤怠導入,
OPP-202505-00324,青葉システムズ,2025-05-08,2025-06-13,2025-05-19,製造,統合ダッシュボード,新規,Web,関東,中堅,6,クロージング,3,失注,0,要件不一致,第一営業部,加藤,4150000,青葉システムズ 統合ダッシュボード導入,
OPP-202505-00325,曙建設,2025-05-27,2025-07-09,2025-07-06,製造,スマート勤怠,更新,展示会,関東,中小,6,クロージング,2,受注,100,,西日本営業部,山本,670000,曙建設 スマート勤怠導入,
OPP-202505-00326,山田製作所,2025-05-28,2025-11-07,2025-10-16,流通,クラウド経費,新規,Web,関東,中小,6,クロージング,3,失注,0,競合,第一営業部,加藤,660000,山田製作所 クラウド経費導入,
OPP-202505-00327,青葉システムズ,2025-05-23,2025-10-19,2025-05-26,金融,クラウド経費,新規,展示会,関東,中小,6,クロージング,3,失注,0,価格,第一営業部,中村,1990000,青葉システムズ クラウド経費導入,
OPP-202505-00328,さくらケミカル,2025-05-09,2025-08-27,2025-07-25,IT,スマート勤怠,更新,Web,関東,中堅,6,クロージング,2,受注,100,,西日本営業部,山本,3720000,さくらケミカル スマート勤怠導入,
OPP-202505-00329,湊エレクトロニクス,2025-05-06,2025-09-03,2025-06-14,IT,スマート勤怠,新規,Web,関東,中堅,6,クロージング,2,受注,100,,第一営業部,小林,2200000,湊エレクトロニクス スマート勤怠導入,
OPP-202505-00330,大和精密,2025-05-09,2025-07-13,2025-06-27,IT,統合ダッシュボード,更新,展示会,関西,大企業,6,クロージング,2,受注,100,,第一営業部,小林,8330000,大和精密 統合ダッシュボード導入,
OPP-202505-00331,つばさ運輸,2025-05-22,2025-07-26,2025-06-17,流通,クラウド経費,既存深耕,紹介,関西,中堅,6,クロージング,2,受注,100,,第一営業部,加藤,1700000,つばさ運輸 クラウド経費導入,
OPP-202505-00332,北斗フーズ,2025-05-23,2025-07-22,2025-07-16,流通,統合ダッシュボード,更新,Web,関西,大企業,6,クロージング,2,受注,100,,第一営業部,加藤,12000000,北斗フーズ 統合ダッシュボード導入,
OPP-202505-00333,さくらケミカル,2025-05-05,2025-07-12,2025-05-19,IT,スマート勤怠,既存深耕,紹介,九州,中小,6,クロージング,3,失注,0,価格,西日本営業部,松本,360000,さくらケミカル スマート勤怠導入,
OPP-202505-00334,曙建設,2025-05-20,2025-10-17,2025-08-24,金融,クラウド経費,新規,展示会,関東,中小,6,クロージング,3,失注,0,価格,第一営業部,加藤,1290000,曙建設 クラウド経費導入,
OPP-202505-00335,つばさ運輸,2025-05-16,2025-08-06,2025-07-12,製造,スマート勤怠,更新,インバウンド,九州,大企業,6,クロージング,2,受注,100,,西日本営業部,山本,11870000,つばさ運輸 スマート勤怠導入,
OPP-202505-00336,富士見物産,2025-05-20,2025-11-12,2025-10-02,IT,スマート勤怠,更新,Web,中部,中小,6,クロージング,2,受注,100,,第一営業部,加藤,1940000,富士見物産 スマート勤怠導入,
OPP-202505-00337,湊エレクトロニクス,2025-05-29,2025-11-17,2025-11-07,製造,クラウド経費,更新,インバウンド,関東,中堅,6,クロージング,2,受注,100,,西日本営業部,山本,1250000,湊エレクトロニクス クラウド経費導入,
OPP-202506-00338,大和精密,2025-06-10,2025-11-02,2025-10-17,公共,スマート勤怠,新規,紹介,九州,中堅,6,クロージング,2,受注,100,,西日本営業部,松本,1570000,大和精密 スマート勤怠導入,
OPP-202506-00339,湊エレクトロニクス,2025-06-06,2025-07-29,2025-07-21,製造,スマート勤怠,既存深耕,展示会,関西,中小,6,クロージング,2,受注,100,,第一営業部,小林,1960000,湊エレクトロニクス スマート勤怠導入,
OPP-202506-00340,みなと商事,2025-06-30,2025-11-03,2025-07-06,製造,クラウド経費,既存深耕,展示会,関西,中小,6,クロージング,2,受注,100,,西日本営業部,山本,730000,みなと商事 クラウド経費導入,
OPP-202506-00341,北斗フーズ,2025-06-30,2025-09-14,2025-07-17,製造,スマート勤怠,更新,展示会,関東,中小,6,クロージング,2,受注,100,,西日本営業部,松本,810000,北斗フーズ スマート勤怠導入,
OPP-202506-00342,富士見物産,2025-06-20,2025-11-01,2025-06-22,流通,クラウド経費,更新,Web,関西,大企業,6,クロージング,2,受注,100,,西日本営業部,松本,5500000,富士見物産 クラウド経費導入,
OPP-202506-00343,湊エレクトロニクス,2025-06-18,2025-10-02,2025-06-30,IT,スマート勤怠,新規,展示会,関東,大企業,6,クロージング,2,受注,100,,第一営業部,加藤,3500000,湊エレクトロニクス スマート勤怠導入,
OPP-202506-00344,北斗フーズ,2025-06-04,2025-10-04,2025-06-16,公共,クラウド経費,既存深耕,Web,中部,大企業,6,クロージング,3,失注,0,予算,第一営業部,加藤,6300000,北斗フーズ クラウド経費導入,
OPP-202506-00345,みなと商事,2025-06-12,2025-11-23,2025-08-05,公共,統合ダッシュボード,新規,Web,関東,中小,6,クロージング,2,受注,100,,第一営業部,小林,1860000,みなと商事 統合ダッシュボード導入,
OPP-202506-00346,湊エレクトロニクス,2025-06-02,2025-09-06,2025-08-21,IT,クラウド経費,既存深耕,インバウンド,九州,大企業,6,クロージング,2,受注,100,,第一営業部,小林,6620000,湊エレクトロニクス クラウド経費導入,
OPP-202506-00347,富士見物産,2025-06-30,2025-08-29,2025-08-10,流通,クラウド経費,既存深耕,展示会,関西,中小,6,クロージング,2,受注,100,,西日本営業部,山本,600000,富士見物産 クラウド経費導入,
OPP-202506-00348,曙建設,2025-06-24,2025-09-27,2025-08-03,IT,スマート勤怠,新規,Web,関西,大企業,6,クロージング,3,失注,0,価格,第一営業部,小林,8630000,曙建設 スマート勤怠導入,
OPP-202506-00349,さくらケミカル,2025-06-11,2025-11-10,2025-06-21,流通,クラウド経費,既存深耕,展示会,関東,中堅,6,クロージング,3,失注,0,時期,第一営業部,加藤,3460000,さくらケミカル クラウド経費導入,
OPP-202506-00350,湊エレクトロニクス,2025-06-05,2025-09-23,2025-06-08,IT,クラウド経費,更新,インバウンド,関東,中堅,6,クロージング,2,受注,100,,第一営業部,加藤,2060000,湊エレクトロニクス クラウド経費導入,
OPP-202506-00351,さくらケミカル,2025-06-19,2025-10-26,2025-07-19,製造,スマート勤怠,更新,紹介,関東,中堅,6,クロージング,2,受注,100,,第一営業部,加藤,5000000,さくらケミカル スマート勤怠導入,
OPP-202506-00352,さくらケミカル,2025-06-25,2025-10-10,2025-08-12,公共,スマート勤怠,新規,インバウンド,関東,中小,6,クロージング,2,受注,100,,第一営業部,加藤,390000,さくらケミカル スマート勤怠導入,
OPP-202506-00353,富士見物産,2025-06-25,2025-10-16,2025-10-15,流通,クラウド経費,更新,展示会,関東,中堅,6,クロージング,2,受注,100,,西日本営業部,松本,1500000,富士見物産 クラウド経費導入,
OPP-202506-00354,北斗フーズ,2025-06-27,2025-08-18,2025-06-30,製造,スマート勤怠,既存深耕,インバウンド,関東,中堅,6,クロージング,2,受注,100,,第一営業部,加藤,1520000,北斗フーズ スマート勤怠導入,
OPP-202506-00355,大和精密,2025-06-17,2025-08-16,2025-06-28,製造,クラウド経費,既存深耕,展示会,関東,大企業,6,クロージング,2,受注,100,,第一営業部,小林,5800000,大和精密 クラウド経費導入,
OPP-202506-00356,湊エレクトロニクス,2025-06-04,2025-08-16,2025-07-18,流通,スマート勤怠,新規,紹介,関東,中小,6,クロージング,2,受注,100,,第一営業部,中村,1680000,湊エレクトロニクス スマート勤怠導入,
OPP-202506-00357,山田製作所,2025-06-02,2025-10-01,2025-09-15,製造,スマート勤怠,既存深耕,展示会,関西,中堅,6,クロージング,2,受注,100,,西日本営業部,松本,2010000,山田製作所 スマート勤怠導入,
OPP-202506-00358,湊エレクトロニクス,2025-06-23,2025-11-16,2025-10-21,製造,統合ダッシュボード,更新,Web,関東,中小,6,クロージング,2,受注,100,,西日本営業部,山本,1500000,湊エレクトロニクス 統合ダッシュボード導入,
OPP-202506-00359,大和精密,2025-06-05,2025-07-21,2025-06-28,IT,スマート勤怠,既存深耕,Web,中部,中小,6,クロージング,2,受注,100,,第一営業部,中村,1520000,大和精密 スマート勤怠導入,
OPP-202506-00360,曙建設,2025-06-06,2025-11-19,2025-11-05,金融,クラウド経費,既存深耕,Web,関東,中堅,6,クロージング,2,受注,100,,第一営業部,小林,3110000,曙建設 クラウド経費導入,
OPP-202506-00361,富士見物産,2025-06-20,2025-09-02,2025-06-30,流通,スマート勤怠,更新,Web,中部,中堅,6,クロージング,3,失注,0,時期,西日本営業部,山本,4640000,富士見物産 スマート勤怠導入,
OPP-202506-00362,曙建設,2025-06-19,2025-10-24,2025-09-10,金融,スマート勤怠,新規,紹介,関東,中堅,6,クロージング,2,受注,100,,第一営業部,加藤,4380000,曙建設 スマート勤怠導入,
OPP-202506-00363,北斗フーズ,2025-06-02,2025-11-26,2025-07-25,IT,統合ダッシュボード,既存深耕,展示会,関東,大企業,6,クロージング,2,受注,100,,第一営業部,小林,9970000,北斗フーズ 統合ダッシュボード導入,
OPP-202507-00364,大和精密,2025-07-29,2025-12-09,2025-10-13,IT,統合ダッシュボード,既存深耕,インバウンド,九州,中堅,6,クロージング,3,失注,0,価格,第一営業部,加藤,3810000,大和精密 統合ダッシュボード導入,
OPP-202507-00365,湊エレクトロニクス,2025-07-31,2025-12-05,2025-09-25,IT,スマート勤怠,更新,インバウンド,関東,中小,6,クロージング,2,受注,100,,第一営業部,小林,1690000,湊エレクトロニクス スマート勤怠導入,
OPP-202507-00366,北斗フーズ,2025-07-07,2025-08-08,2025-07-09,製造,スマート勤怠,更新,インバウンド,関東,中小,6,クロージング,2,受注,100,,西日本営業部,山本,660000,北斗フーズ スマート勤怠導入,
OPP-202507-00367,青葉システムズ,2025-07-24,2025-10-08,2025-09-17,IT,スマート勤怠,新規,Web,中部,中小,6,クロージング,2,受注,100,,西日本営業部,松本,1710000,青葉システムズ スマート勤怠導入,
OPP-202507-00368,北斗フーズ,2025-07-15,2025-08-22,2025-08-21,流通,スマート勤怠,既存深耕,Web,関西,大企業,6,クロージング,3,失注,0,競合,西日本営業部,松本,6770000,北斗フーズ スマート勤怠導入,
OPP-202507-00369,みなと商事,2025-07-04,2025-08-25,2025-08-14,製造,クラウド経費,更新,インバウンド,中部,中堅,6,クロージング,2,受注,100,,第一営業部,加藤,4790000,みなと商事 クラウド経費導入,
OPP-202507-00370,湊エレクトロニクス,2025-07-22,2026-01-14,2025-11-07,公共,スマート勤怠,新規,紹介,中部,中堅,6,クロージング,3,失注,0,競合,第一営業部,小林,2500000,湊エレクトロニクス スマート勤怠導入,
OPP-202507-00371,曙建設,2025-07-10,2025-08-15,2025-07-16,公共,クラウド経費,既存深耕,展示会,関西,大企業,6,クロージング,2,受注,100,,第一営業部,小林,4290000,曙建設 クラウド経費導入,
OPP-202507-00372,大和精密,2025-07-17,2025-12-08,2025-08-31,製造,クラウド経費,新規,展示会,中部,中堅,6,クロージング,2,受注,100,,西日本営業部,山本,2330000,大和精密 クラウド経費導入,
OPP-202507-00373,湊エレクトロニクス,2025-07-23,2025-11-28,2025-11-13,IT,スマート勤怠,新規,展示会,九州,大企業,6,クロージング,2,受注,100,,第一営業部,小林,10430000,湊エレクトロニクス スマート勤怠導入,
OPP-202507-00374,さくらケミカル,2025-07-21,2025-10-18,2025-09-09,製造,スマート勤怠,更新,展示会,関西,中堅,6,クロージング,2,受注,100,,第一営業部,加藤,3420000,さくらケミカル スマート勤怠導入,
OPP-202507-00375,青葉システムズ,2025-07-09,2025-11-06,2025-09-03,製造,統合ダッシュボード,既存深耕,Web,九州,中堅,6,クロージング,3,失注,0,時期,第一営業部,加藤,4330000,青葉システムズ 統合ダッシュボード導入,
OPP-202507-00376,大和精密,2025-07-28,2026-01-07,2025-09-13,IT,スマート勤怠,既存深耕,Web,関西,大企業,6,クロージング,2,受注,100,,西日本営業部,山本,6200000,大和精密 スマート勤怠導入,
OPP-202507-00377,みなと商事,2025-07-18,2025-09-09,2025-08-26,製造,スマート勤怠,新規,紹介,関東,大企業,6,クロージング,2,受注,100,,第一営業部,中村,9720000,みなと商事 スマート勤怠導入,
OPP-202507-00378,みなと商事,2025-07-29,2025-09-25,2025-08-15,公共,スマート勤怠,更新,展示会,関西,中小,6,クロージング,3,失注,0,価格,第一営業部,中村,1990000,みなと商事 スマート勤怠導入,
OPP-202507-00379,大和精密,2025-07-30,2025-12-04,2025-08-07,公共,クラウド経費,既存深耕,Web,関東,中小,6,クロージング,2,受注,100,,第一営業部,中村,960000,大和精密 クラウド経費導入,
OPP-202507-00380,富士見物産,2025-07-31,2025-10-24,2025-08-14,製造,統合ダッシュボード,新規,紹介,関西,大企業,6,クロージング,3,失注,0,予算,第一営業部,小林,10320000,富士見物産 統合ダッシュボード導入,
OPP-202507-00381,みなと商事,2025-07-09,2025-10-15,2025-08-21,金融,スマート勤怠,既存深耕,インバウンド,関東,中堅,6,クロージング,2,受注,100,,西日本営業部,松本,3000000,みなと商事 スマート勤怠導入,
OPP-202507-00382,富士見物産,2025-07-01,2025-12-01,2025-11-16,流通,スマート勤怠,更新,Web,関東,大企業,6,クロージング,2,受注,100,,第一営業部,加藤,6670000,富士見物産 スマート勤怠導入,
OPP-202507-00383,山田製作所,2025-07-11,2025-09-30,2025-07-17,金融,統合ダッシュボード,新規,Web,九州,大企業,6,クロージング,2,受注,100,,第一営業部,小林,6930000,山田製作所 統合ダッシュボード導入,
OPP-202507-00384,青葉システムズ,2025-07-22,2025-08-27,2025-08-07,IT,クラウド経費,新規,展示会,関西,中小,6,クロージング,3,失注,0,競合,第一営業部,中村,460000,青葉システムズ クラウド経費導入,
OPP-202507-00385,湊エレクトロニクス,2025-07-18,2025-09-16,2025-08-29,IT,クラウド経費,更新,展示会,関東,中堅,6,クロージング,2,受注,100,,西日本営業部,松本,4410000,湊エレクトロニクス クラウド経費導入,
OPP-202507-00386,湊エレクトロニクス,2025-07-17,2025-08-27,2025-07-26,製造,クラウド経費,更新,展示会,関東,中堅,6,クロージング,2,受注,100,,第一営業部,加藤,1070000,湊エレクトロニクス クラウド経費導入,
OPP-202508-00387,大和精密,2025-08-06,2025-10-31,2025-09-01,IT,スマート勤怠,既存深耕,インバウンド,関東,中小,6,クロージング,2,受注,100,,第一営業部,加藤,1390000,大和精密 スマート勤怠導入,
OPP-202508-00388,青葉システムズ,2025-08-11,2025-12-04,2025-09-16,製造,統合ダッシュボード,既存深耕,展示会,中部,中小,6,クロージング,2,受注,100,,西日本営業部,山本,660000,青葉システムズ 統合ダッシュボード導入,
OPP-202508-00389,さくらケミカル,2025-08-25,2025-09-28,2025-08-31,金融,スマート勤怠,更新,展示会,関東,中小,6,クロージング,3,失注,0,価格,第一営業部,中村,750000,さくらケミカル スマート勤怠導入,
OPP-202508-00390,青葉システムズ,2025-08-21,2025-11-03,2025-08-26,公共,クラウド経費,既存深耕,展示会,関東,大企業,6,クロージング,3,失注,0,時期,第一営業部,中村,10340000,青葉システムズ クラウド経費導入,
OPP-202508-00391,大和精密,2025-08-20,2026-01-26,2025-10-13,流通,スマート勤怠,新規,展示会,関西,大企業,6,クロージング,2,受注,100,,第一営業部,加藤,5830000,大和精密 スマート勤怠導入,
OPP-202508-00392,富士見物産,2025-08-07,2025-12-31,2025-08-21,流通,スマート勤怠,更新,展示会,関東,大企業,6,クロージング,2,受注,100,,第一営業部,加藤,8500000,富士見物産 スマート勤怠導入,
OPP-202508-00393,富士見物産,2025-08-06,2025-11-02,2025-09-17,流通,スマート勤怠,新規,紹介,関西,中堅,6,クロージング,3,失注,0,価格,西日本営業部,松本,2210000,富士見物産 スマート勤怠導入,
OPP-202508-00394,つばさ運輸,2025-08-14,2025-10-17,2025-09-08,製造,クラウド経費,新規,紹介,関東,中堅,6,クロージング,2,受注,100,,第一営業部,小林,4230000,つばさ運輸 クラウド経費導入,
OPP-202508-00395,さくらケミカル,2025-08-12,2025-11-06,2025-10-29,製造,クラウド経費,新規,展示会,中部,中堅,6,クロージング,3,失注,0,価格,第一営業部,小林,4260000,さくらケミカル クラウド経費導入,
OPP-202508-00396,湊エレクトロニクス,2025-08-20,2025-09-22,2025-09-05,IT,スマート勤怠,更新,Web,九州,中堅,6,クロージング,3,失注,0,価格,西日本営業部,松本,3220000,湊エレクトロニクス スマート勤怠導入,
OPP-202508-00397,曙建設,2025-08-19,2026-01-04,2025-12-20,IT,統合ダッシュボード,更新,紹介,関東,中小,6,クロージング,2,受注,100,,西日本営業部,山本,550000,曙建設 統合ダッシュボード導入,
OPP-202508-00398,湊エレクトロニクス,2025-08-15,2026-01-14,2025-09-26,公共,クラウド経費,既存深耕,展示会,関東,大企業,6,クロージング,3,失注,0,時期,西日本営業部,山本,11780000,湊エレクトロニクス クラウド経費導入,
OPP-202508-00399,富士見物産,2025-08-19,2025-10-06,2025-10-03,流通,スマート勤怠,既存深耕,展示会,中部,中堅,6,クロージング,2,受注,100,,西日本営業部,山本,2700000,富士見物産 スマート勤怠導入,
OPP-202508-00400,曙建設,2025-08-14,2025-12-15,2025-08-29,金融,クラウド経費,更新,展示会,中部,中小,6,クロージング,3,失注,0,競合,第一営業部,加藤,1490000,曙建設 クラウド経費導入,
OPP-202508-00401,北斗フーズ,2025-08-20,2026-01-19,2026-01-16,金融,クラウド経費,既存深耕,Web,関東,中堅,6,クロージング,3,失注,0,予算,第一営業部,加藤,4590000,北斗フーズ クラウド経費導入,
OPP-202508-00402,つばさ運輸,2025-08-07,2026-01-18,2025-12-06,製造,統合ダッシュボード,既存深耕,紹介,関東,中堅,6,クロージング,3,失注,0,時期,第一営業部,加藤,4470000,つばさ運輸 統合ダッシュボード導入,
OPP-202508-00403,富士見物産,2025-08-27,2025-10-18,2025-09-08,金融,クラウド経費,更新,Web,九州,大企業,6,クロージング,2,受注,100,,西日本営業部,松本,5950000,富士見物産 クラウド経費導入,
OPP-202508-00404,北斗フーズ,2025-08-04,2026-01-02,2025-11-26,流通,統合ダッシュボード,既存深耕,Web,関東,中小,6,クロージング,2,受注,100,,第一営業部,中村,1950000,北斗フーズ 統合ダッシュボード導入,
OPP-202509-00405,山田製作所,2025-09-01,2026-02-02,2026-01-15,IT,スマート勤怠,更新,Web,関東,中堅,6,クロージング,2,受注,100,,西日本営業部,松本,3800000,山田製作所 スマート勤怠導入,
OPP-202509-00406,北斗フーズ,2025-09-15,2026-01-13,2025-10-07,IT,スマート勤怠,更新,展示会,関東,大企業,6,クロージング,2,受注,100,,西日本営業部,山本,9330000,北斗フーズ スマート勤怠導入,
OPP-202509-00407,大和精密,2025-09-30,2026-03-26,2025-12-06,製造,スマート勤怠,既存深耕,インバウンド,中部,大企業,6,クロージング,2,受注,100,,第一営業部,小林,6780000,大和精密 スマート勤怠導入,
OPP-202509-00408,さくらケミカル,2025-09-18,2025-11-24,2025-10-29,IT,スマート勤怠,既存深耕,インバウンド,関西,大企業,6,クロージング,3,失注,0,価格,第一営業部,小林,10560000,さくらケミカル スマート勤怠導入,
OPP-202509-00409,大和精密,2025-09-18,2026-01-12,2025-12-21,流通,スマート勤怠,更新,インバウンド,関西,大企業,6,クロージング,3,失注,0,競合,第一営業部,小林,3410000,大和精密 スマート勤怠導入,
OPP-202509-00410,大和精密,2025-09-05,2025-11-30,2025-10-11,製造,クラウド経費,新規,紹介,関東,中堅,6,クロージング,3,失注,0,価格,第一営業部,加藤,1420000,大和精密 クラウド経費導入,
OPP-202509-00411,みなと商事,2025-09-18,2025-11-24,2025-11-12,IT,スマート勤怠,既存深耕,Web,関西,大企業,6,クロージング,3,失注,0,競合,西日本営業部,松本,6810000,みなと商事 スマート勤怠導入,
OPP-202509-00412,大和精密,2025-09-01,2025-11-11,2025-10-26,IT,統合ダッシュボード,新規,Web,関東,中小,6,クロージング,3,失注,0,時期,西日本営業部,松本,1360000,大和精密 統合ダッシュボード導入,
OPP-202509-00413,みなと商事,2025-09-05,2025-10-27,2025-10-16,製造,スマート勤怠,更新,Web,関東,中小,6,クロージング,2,受注,100,,第一営業部,小林,990000,みなと商事 スマート勤怠導入,
OPP-202509-00414,北斗フーズ,2025-09-18,2026-03-10,2025-11-15,製造,統合ダッシュボード,新規,Web,中部,中堅,6,クロージング,3,失注,0,価格,第一営業部,小林,1010000,北斗フーズ 統合ダッシュボード導入,
OPP-202509-00415,富士見物産,2025-09-05,2026-02-08,2025-09-23,製造,クラウド経費,新規,展示会,中部,中堅,6,クロージング,3,失注,0,時期,第一営業部,小林,2850000,富士見物産 クラウド経費導入,
OPP-202509-00416,大和精密,2025-09-19,2026-03-16,2025-12-10,金融,クラウド経費,既存深耕,展示会,関西,中堅,6,クロージング,2,受注,100,,西日本営業部,山本,3360000,大和精密 クラウド経費導入,
OPP-202509-00417,北斗フーズ,2025-09-29,2026-03-09,2026-03-09,製造,スマート勤怠,既存深耕,インバウンド,関東,大企業,6,クロージング,2,受注,100,,西日本営業部,山本,4870000,北斗フーズ スマート勤怠導入,
OPP-202509-00418,北斗フーズ,2025-09-25,2026-03-10,2025-11-01,金融,統合ダッシュボード,更新,Web,関東,中堅,6,クロージング,2,受注,100,,西日本営業部,山本,1060000,北斗フーズ 統合ダッシュボード導入,
OPP-202509-00419,富士見物産,2025-09-05,2026-01-19,2025-09-25,流通,統合ダッシュボード,新規,展示会,関西,中小,6,クロージング,2,受注,100,,西日本営業部,山本,590000,富士見物産 統合ダッシュボード導入,
OPP-202509-00420,さくらケミカル,2025-09-05,2025-12-21,2025-12-19,製造,スマート勤怠,更新,インバウンド,関西,中小,6,クロージング,2,受注,100,,第一営業部,加藤,600000,さくらケミカル スマート勤怠導入,
OPP-202509-00421,北斗フーズ,2025-09-08,2026-02-08,2025-09-19,公共,スマート勤怠,新規,インバウンド,関東,中小,6,クロージング,3,失注,0,価格,第一営業部,中村,380000,北斗フーズ スマート勤怠導入,
OPP-202509-00422,山田製作所,2025-09-26,2025-12-17,2025-10-22,流通,統合ダッシュボード,新規,紹介,関東,大企業,6,クロージング,2,受注,100,,第一営業部,加藤,4890000,山田製作所 統合ダッシュボード導入,
OPP-202509-00423,北斗フーズ,2025-09-22,2026-02-28,2025-10-18,IT,統合ダッシュボード,更新,紹介,関東,中堅,6,クロージング,2,受注,100,,西日本営業部,山本,3960000,北斗フーズ 統合ダッシュボード導入,
OPP-202509-00424,つばさ運輸,2025-09-25,2026-01-26,2025-10-19,IT,スマート勤怠,更新,展示会,関西,中小,6,クロージング,3,失注,0,競合,西日本営業部,松本,570000,つばさ運輸 スマート勤怠導入,
OPP-202509-00425,つばさ運輸,2025-09-12,2025-12-24,2025-09-18,流通,スマート勤怠,更新,紹介,関西,中堅,6,クロージング,2,受注,100,,第一営業部,小林,1420000,つばさ運輸 スマート勤怠導入,
OPP-202509-00426,大和精密,2025-09-11,2025-11-28,2025-11-11,流通,クラウド経費,既存深耕,インバウンド,関東,中堅,6,クロージング,3,失注,0,要件不一致,西日本営業部,松本,2880000,大和精密 クラウド経費導入,
OPP-202509-00427,みなと商事,2025-09-01,2025-10-17,2025-09-14,流通,クラウド経費,既存深耕,展示会,関東,中堅,6,クロージング,2,受注,100,,西日本営業部,山本,2730000,みなと商事 クラウド経費導入,
OPP-202509-00428,富士見物産,2025-09-04,2026-01-15,2026-01-13,製造,クラウド経費,既存深耕,紹介,中部,中堅,6,クロージング,3,失注,0,価格,第一営業部,小林,4930000,富士見物産 クラウド経費導入,
OPP-202509-00429,富士見物産,2025-09-15,2026-01-20,2025-10-27,流通,クラウド経費,新規,展示会,関東,大企業,6,クロージング,3,失注,0,価格,西日本営業部,山本,9360000,富士見物産 クラウド経費導入,
OPP-202509-00430,湊エレクトロニクス,2025-09-04,2026-02-20,2025-09-13,公共,クラウド経費,新規,Web,関西,大企業,6,クロージング,2,受注,100,,第一営業部,加藤,7400000,湊エレクトロニクス クラウド経費導入,
OPP-202509-00431,富士見物産,2025-09-29,2025-12-10,2025-10-17,製造,スマート勤怠,既存深耕,展示会,関西,中小,6,クロージング,2,受注,100,,第一営業部,加藤,1090000,富士見物産 スマート勤怠導入,
OPP-202509-00432,みなと商事,2025-09-23,2026-01-31,2025-12-29,金融,クラウド経費,既存深耕,Web,関西,中堅,6,クロージング,2,受注,100,,第一営業部,中村,4150000,みなと商事 クラウド経費導入,
OPP-202510-00433,さくらケミカル,2025-10-22,2026-02-26,2025-12-06,製造,クラウド経費,新規,紹介,中部,中堅,6,クロージング,2,受注,100,,西日本営業部,松本,2820000,さくらケミカル クラウド経費導入,
OPP-202510-00434,つばさ運輸,2025-10-14,2026-03-30,2026-02-09,製造,クラウド経費,既存深耕,インバウンド,関東,中堅,6,クロージング,2,受注,100,,第一営業部,中村,4360000,つばさ運輸 クラウド経費導入,
OPP-202510-00435,青葉システムズ,2025-10-28,2025-12-22,2025-11-11,製造,クラウド経費,既存深耕,インバウンド,関東,中堅,6,クロージング,3,失注,0,競合,第一営業部,小林,3570000,青葉システムズ クラウド経費導入,
OPP-202510-00436,大和精密,2025-10-22,2026-01-27,2026-01-04,流通,スマート勤怠,既存深耕,インバウンド,中部,中小,6,クロージング,2,受注,100,,第一営業部,小林,1320000,大和精密 スマート勤怠導入,
OPP-202510-00437,曙建設,2025-10-08,2026-03-16,2026-01-27,製造,スマート勤怠,新規,Web,関西,大企業,6,クロージング,3,失注,0,時期,西日本営業部,松本,6200000,曙建設 スマート勤怠導入,
OPP-202510-00438,曙建設,2025-10-07,2025-12-30,2025-12-06,流通,クラウド経費,既存深耕,インバウンド,関西,中堅,6,クロージング,3,失注,0,価格,第一営業部,小林,4260000,曙建設 クラウド経費導入,
OPP-202510-00439,青葉システムズ,2025-10-20,2026-03-10,2025-11-06,IT,クラウド経費,新規,展示会,関西,大企業,6,クロージング,2,受注,100,,西日本営業部,松本,9490000,青葉システムズ クラウド経費導入,
OPP-202510-00440,大和精密,2025-10-07,2026-03-04,2026-01-27,金融,スマート勤怠,既存深耕,紹介,関東,大企業,6,クロージング,2,受注,100,,第一営業部,小林,7320000,大和精密 スマート勤怠導入,
OPP-202510-00441,北斗フーズ,2025-10-21,2026-03-24,2025-11-05,製造,スマート勤怠,更新,紹介,関西,中堅,6,クロージング,3,失注,0,予算,第一営業部,加藤,1420000,北斗フーズ スマート勤怠導入,
OPP-202510-00442,青葉システムズ,2025-10-20,2026-03-27,2026-03-03,IT,クラウド経費,更新,紹介,中部,中小,6,クロージング,3,失注,0,時期,第一営業部,加藤,1780000,青葉システムズ クラウド経費導入,
OPP-202510-00443,大和精密,2025-10-31,2026-03-18,2025-11-28,流通,スマート勤怠,既存深耕,Web,関東,中小,6,クロージング,2,受注,100,,西日本営業部,山本,740000,大和精密 スマート勤怠導入,
OPP-202510-00444,青葉システムズ,2025-10-07,2026-01-08,2025-10-26,製造,クラウド経費,既存深耕,紹介,九州,中堅,6,クロージング,3,失注,0,競合,第一営業部,加藤,4660000,青葉システムズ クラウド経費導入,
OPP-202510-00445,曙建設,2025-10-27,2026-02-13,2026-01-25,製造,クラウド経費,更新,展示会,九州,中堅,6,クロージング,3,失注,0,競合,第一営業部,小林,4500000,曙建設 クラウド経費導入,
OPP-202510-00446,青葉システムズ,2025-10-28,2026-01-19,2025-11-18,製造,統合ダッシュボード,更新,インバウンド,関東,中小,6,クロージング,3,失注,0,予算,西日本営業部,松本,1910000,青葉システムズ 統合ダッシュボード導入,
OPP-202510-00447,青葉システムズ,2025-10-29,2026-03-16,2025-11-24,公共,スマート勤怠,新規,Web,関西,中小,6,クロージング,3,失注,0,予算,西日本営業部,松本,960000,青葉システムズ スマート勤怠導入,
OPP-202510-00448,曙建設,2025-10-17,2025-12-20,2025-11-12,公共,クラウド経費,新規,Web,中部,中堅,6,クロージング,2,受注,100,,第一営業部,小林,4210000,曙建設 クラウド経費導入,
OPP-202510-00449,みなと商事,2025-10-10,2026-03-04,2025-11-14,製造,クラウド経費,更新,インバウンド,中部,中小,6,クロージング,2,受注,100,,西日本営業部,松本,960000,みなと商事 クラウド経費導入,
OPP-202510-00450,さくらケミカル,2025-10-06,2025-11-10,2025-10-21,公共,スマート勤怠,既存深耕,展示会,中部,中小,6,クロージング,3,失注,0,予算,西日本営業部,山本,1480000,さくらケミカル スマート勤怠導入,
OPP-202510-00451,北斗フーズ,2025-10-07,2026-03-20,2026-02-01,製造,クラウド経費,既存深耕,展示会,九州,大企業,6,クロージング,2,受注,100,,第一営業部,中村,11470000,北斗フーズ クラウド経費導入,
OPP-202510-00452,つばさ運輸,2025-10-22,2026-02-01,2025-11-16,製造,統合ダッシュボード,更新,紹介,関西,大企業,6,クロージング,3,失注,0,競合,西日本営業部,山本,7180000,つばさ運輸 統合ダッシュボード導入,
OPP-202510-00453,つばさ運輸,2025-10-01,2026-02-09,2026-01-08,金融,統合ダッシュボード,既存深耕,Web,関西,大企業,6,クロージング,3,失注,0,時期,第一営業部,小林,10530000,つばさ運輸 統合ダッシュボード導入,
OPP-202510-00454,湊エレクトロニクス,2025-10-20,2025-11-20,2025-11-09,製造,スマート勤怠,新規,インバウンド,九州,中小,6,クロージング,2,受注,100,,西日本営業部,山本,1270000,湊エレクトロニクス スマート勤怠導入,
OPP-202510-00455,さくらケミカル,2025-10-10,2025-12-12,2025-11-25,製造,統合ダッシュボード,新規,展示会,関東,中堅,6,クロージング,2,受注,100,,第一営業部,小林,3710000,さくらケミカル 統合ダッシュボード導入,
OPP-202510-00456,さくらケミカル,2025-10-14,2026-01-19,2025-12-09,製造,スマート勤怠,更新,インバウンド,中部,中小,6,クロージング,2,受注,100,,第一営業部,小林,720000,さくらケミカル スマート勤怠導入,
OPP-202510-00457,北斗フーズ,2025-10-24,2026-01-28,2025-12-23,金融,統合ダッシュボード,既存深耕,紹介,関東,大企業,6,クロージング,2,受注,100,,第一営業部,小林,7460000,北斗フーズ 統合ダッシュボード導入,
OPP-202510-00458,富士見物産,2025-10-29,2026-01-19,2025-11-22,流通,クラウド経費,既存深耕,Web,中部,中小,6,クロージング,3,失注,0,予算,第一営業部,中村,1600000,富士見物産 クラウド経費導入,
OPP-202510-00459,曙建設,2025-10-27,2025-12-20,2025-10-29,製造,統合ダッシュボード,新規,Web,関東,中小,6,クロージング,3,失注,0,価格,第一営業部,小林,610000,曙建設 統合ダッシュボード導入,
OPP-202510-00460,みなと商事,2025-10-13,2026-02-04,2026-01-05,IT,スマート勤怠,新規,インバウンド,関西,中堅,6,クロージング,3,失注,0,時期,西日本営業部,山本,3310000,みなと商事 スマート勤怠導入,
OPP-202510-00461,曙建設,2025-10-31,2026-03-07,2025-12-03,製造,統合ダッシュボード,更新,紹介,中部,中小,6,クロージング,2,受注,100,,第一営業部,加藤,750000,曙建設 統合ダッシュボード導入,
OPP-202510-00462,青葉システムズ,2025-10-08,2026-01-22,2025-12-03,製造,統合ダッシュボード,新規,Web,関東,中小,6,クロージング,2,受注,100,,西日本営業部,山本,1090000,青葉システムズ 統合ダッシュボード導入,
OPP-202510-00463,さくらケミカル,2025-10-29,2025-12-21,2025-12-20,金融,統合ダッシュボード,既存深耕,Web,中部,中堅,6,クロージング,3,失注,0,競合,第一営業部,小林,1950000,さくらケミカル 統合ダッシュボード導入,
OPP-202510-00464,山田製作所,2025-10-14,2026-03-27,2026-02-11,流通,統合ダッシュボード,既存深耕,Web,関西,中小,6,クロージング,2,受注,100,,第一営業部,加藤,1410000,山田製作所 統合ダッシュボード導入,
OPP-202510-00465,大和精密,2025-10-03,2025-11-13,2025-11-05,製造,スマート勤怠,更新,インバウンド,関西,大企業,6,クロージング,2,受注,100,,第一営業部,中村,7350000,大和精密 スマート勤怠導入,
OPP-202511-00466,曙建設,2025-11-14,2026-03-24,2026-03-01,IT,スマート勤怠,既存深耕,Web,関東,中小,6,クロージング,2,受注,100,,第一営業部,中村,1060000,曙建設 スマート勤怠導入,
OPP-202511-00467,富士見物産,2025-11-11,2026-01-07,2025-11-13,金融,スマート勤怠,更新,インバウンド,関東,大企業,6,クロージング,2,受注,100,,西日本営業部,松本,3050000,富士見物産 スマート勤怠導入,
OPP-202511-00468,富士見物産,2025-11-13,2026-03-24,2025-12-06,流通,スマート勤怠,既存深耕,Web,関西,中堅,6,クロージング,3,失注,0,価格,西日本営業部,松本,1070000,富士見物産 スマート勤怠導入,
OPP-202511-00469,つばさ運輸,2025-11-07,2025-12-29,2025-12-07,IT,スマート勤怠,既存深耕,Web,関東,中堅,6,クロージング,2,受注,100,,西日本営業部,山本,1750000,つばさ運輸 スマート勤怠導入,
OPP-202511-00470,北斗フーズ,2025-11-14,2025-12-27,2025-11-21,公共,スマート勤怠,既存深耕,展示会,関東,大企業,6,クロージング,2,受注,100,,第一営業部,小林,9450000,北斗フーズ スマート勤怠導入,
OPP-202511-00471,富士見物産,2025-11-28,2026-05-01,2025-12-14,公共,クラウド経費,既存深耕,紹介,関西,中堅,6,クロージング,2,受注,100,,第一営業部,加藤,3700000,富士見物産 クラウド経費導入,
OPP-202511-00472,みなと商事,2025-11-14,2025-12-19,2025-11-27,製造,クラウド経費,更新,展示会,関西,中堅,6,クロージング,2,受注,100,,第一営業部,小林,3400000,みなと商事 クラウド経費導入,
OPP-202511-00473,つばさ運輸,2025-11-12,2026-03-28,2026-02-13,金融,クラウド経費,更新,インバウンド,関西,中堅,6,クロージング,3,失注,0,予算,西日本営業部,松本,1820000,つばさ運輸 クラウド経費導入,
OPP-202511-00474,みなと商事,2025-11-20,2026-02-18,2025-11-27,公共,スマート勤怠,新規,Web,関東,中堅,6,クロージング,2,受注,100,,西日本営業部,松本,1090000,みなと商事 スマート勤怠導入,
OPP-202511-00475,北斗フーズ,2025-11-12,2026-02-07,2025-12-26,製造,統合ダッシュボード,既存深耕,Web,関東,大企業,6,クロージング,2,受注,100,,第一営業部,加藤,11030000,北斗フーズ 統合ダッシュボード導入,
OPP-202511-00476,湊エレクトロニクス,2025-11-12,2026-04-08,2025-12-11,製造,スマート勤怠,既存深耕,Web,関西,中小,6,クロージング,3,失注,0,要件不一致,西日本営業部,松本,1860000,湊エレクトロニクス スマート勤怠導入,
OPP-202511-00477,湊エレクトロニクス,2025-11-20,2026-04-28,2025-12-16,製造,スマート勤怠,既存深耕,インバウンド,九州,大企業,6,クロージング,2,受注,100,,第一営業部,小林,4570000,湊エレクトロニクス スマート勤怠導入,
OPP-202511-00478,北斗フーズ,2025-11-21,2026-04-29,2026-01-29,製造,スマート勤怠,更新,Web,関東,中小,6,クロージング,2,受注,100,,第一営業部,小林,1250000,北斗フーズ スマート勤怠導入,
OPP-202511-00479,つばさ運輸,2025-11-25,2026-05-06,2026-02-26,製造,クラウド経費,既存深耕,展示会,中部,中堅,6,クロージング,3,失注,0,要件不一致,第一営業部,小林,3260000,つばさ運輸 クラウド経費導入,
OPP-202511-00480,湊エレクトロニクス,2025-11-05,2026-05-01,2026-04-16,IT,スマート勤怠,新規,インバウンド,関東,大企業,6,クロージング,2,受注,100,,西日本営業部,山本,10300000,湊エレクトロニクス スマート勤怠導入,
OPP-202511-00481,大和精密,2025-11-26,2026-05-10,2026-01-03,流通,統合ダッシュボード,既存深耕,インバウンド,関西,中堅,6,クロージング,3,失注,0,時期,第一営業部,小林,3280000,大和精密 統合ダッシュボード導入,
OPP-202511-00482,曙建設,2025-11-21,2026-01-11,2025-12-13,公共,クラウド経費,既存深耕,インバウンド,中部,中堅,6,クロージング,2,受注,100,,第一営業部,小林,2990000,曙建設 クラウド経費導入,
OPP-202511-00483,北斗フーズ,2025-11-24,2025-12-31,2025-12-29,流通,クラウド経費,新規,Web,関東,中堅,6,クロージング,3,失注,0,時期,西日本営業部,山本,2230000,北斗フーズ クラウド経費導入,
OPP-202511-00484,青葉システムズ,2025-11-27,2026-01-27,2026-01-03,IT,スマート勤怠,新規,紹介,関西,中堅,6,クロージング,2,受注,100,,第一営業部,加藤,4770000,青葉システムズ スマート勤怠導入,
OPP-202511-00485,曙建設,2025-11-11,2026-05-06,2026-02-16,金融,統合ダッシュボード,既存深耕,Web,関西,中堅,6,クロージング,3,失注,0,競合,第一営業部,加藤,2260000,曙建設 統合ダッシュボード導入,
OPP-202511-00486,つばさ運輸,2025-11-04,2026-04-04,2025-11-24,IT,スマート勤怠,新規,Web,中部,大企業,6,クロージング,2,受注,100,,第一営業部,中村,6780000,つばさ運輸 スマート勤怠導入,
OPP-202511-00487,湊エレクトロニクス,2025-11-17,2026-01-27,2025-12-04,公共,統合ダッシュボード,既存深耕,Web,九州,中堅,6,クロージング,2,受注,100,,西日本営業部,松本,3480000,湊エレクトロニクス 統合ダッシュボード導入,
OPP-202511-00488,湊エレクトロニクス,2025-11-05,2026-01-02,2025-12-12,製造,スマート勤怠,既存深耕,Web,九州,中堅,6,クロージング,2,受注,100,,西日本営業部,松本,2480000,湊エレクトロニクス スマート勤怠導入,
OPP-202511-00489,大和精密,2025-11-17,2026-02-27,2026-02-20,IT,スマート勤怠,既存深耕,Web,関東,中堅,6,クロージング,2,受注,100,,第一営業部,小林,3500000,大和精密 スマート勤怠導入,
OPP-202511-00490,山田製作所,2025-11-04,2026-01-08,2026-01-02,流通,クラウド経費,既存深耕,インバウンド,中部,中堅,6,クロージング,2,受注,100,,西日本営業部,山本,4890000,山田製作所 クラウド経費導入,
OPP-202511-00491,みなと商事,2025-11-05,2026-02-14,2025-11-27,公共,クラウド経費,既存深耕,展示会,関東,中堅,6,クロージング,3,失注,0,時期,西日本営業部,松本,3920000,みなと商事 クラウド経費導入,
OPP-202512-00492,湊エレクトロニクス,2025-12-26,2026-05-26,2025-12-31,金融,クラウド経費,新規,インバウンド,関西,中小,6,クロージング,2,受注,100,,西日本営業部,山本,600000,湊エレクトロニクス クラウド経費導入,
OPP-202512-00493,山田製作所,2025-12-22,2026-05-03,2026-04-27,製造,スマート勤怠,更新,インバウンド,関西,大企業,6,クロージング,2,受注,100,,第一営業部,小林,11820000,山田製作所 スマート勤怠導入,
OPP-202512-00494,北斗フーズ,2025-12-30,2026-03-16,2026-01-11,流通,統合ダッシュボード,新規,展示会,関東,大企業,6,クロージング,2,受注,100,,第一営業部,中村,4570000,北斗フーズ 統合ダッシュボード導入,
OPP-202512-00495,北斗フーズ,2025-12-10,2026-03-16,2025-12-26,製造,統合ダッシュボード,新規,Web,関東,大企業,6,クロージング,2,受注,100,,第一営業部,小林,3530000,北斗フーズ 統合ダッシュボード導入,
OPP-202512-00496,つばさ運輸,2025-12-08,2026-01-14,2025-12-23,流通,クラウド経費,既存深耕,展示会,関東,中堅,6,クロージング,2,受注,100,,第一営業部,小林,1090000,つばさ運輸 クラウド経費導入,
OPP-202512-00497,みなと商事,2025-12-09,2026-02-13,2025-12-31,製造,クラウド経費,更新,紹介,関東,大企業,6,クロージング,2,受注,100,,西日本営業部,山本,11000000,みなと商事 クラウド経費導入,
OPP-202512-00498,湊エレクトロニクス,2025-12-08,2026-03-17,2026-03-06,流通,スマート勤怠,既存深耕,インバウンド,関東,中小,6,クロージング,2,受注,100,,第一営業部,小林,1270000,湊エレクトロニクス スマート勤怠導入,
OPP-202512-00499,曙建設,2025-12-12,2026-06-02,2026-04-02,IT,スマート勤怠,新規,Web,関東,大企業,6,クロージング,3,失注,0,価格,西日本営業部,山本,8160000,曙建設 スマート勤怠導入,
OPP-202512-00500,さくらケミカル,2025-12-31,2026-04-24,2026-03-30,金融,統合ダッシュボード,既存深耕,紹介,関西,中堅,6,クロージング,2,受注,100,,第一営業部,加藤,1680000,さくらケミカル 統合ダッシュボード導入,
OPP-202512-00501,山田製作所,2025-12-30,2026-02-17,2026-02-11,IT,クラウド経費,既存深耕,インバウンド,関西,中小,6,クロージング,2,受注,100,,第一営業部,加藤,1430000,山田製作所 クラウド経費導入,
OPP-202512-00502,青葉システムズ,2025-12-22,2026-05-14,2025-12-28,IT,スマート勤怠,新規,Web,関西,大企業,6,クロージング,2,受注,100,,第一営業部,中村,10760000,青葉システムズ スマート勤怠導入,
OPP-202512-00503,さくらケミカル,2025-12-09,2026-03-20,2026-03-10,製造,クラウド経費,既存深耕,Web,関東,中小,6,クロージング,2,受注,100,,西日本営業部,山本,1850000,さくらケミカル クラウド経費導入,
OPP-202512-00504,青葉システムズ,2025-12-01,2026-01-16,2025-12-06,製造,スマート勤怠,既存深耕,展示会,関東,中小,6,クロージング,2,受注,100,,西日本営業部,山本,620000,青葉システムズ スマート勤怠導入,
OPP-202512-00505,つばさ運輸,2025-12-09,2026-05-31,2025-12-10,IT,クラウド経費,新規,インバウンド,関東,中小,6,クロージング,3,失注,0,要件不一致,西日本営業部,松本,1940000,つばさ運輸 クラウド経費導入,
OPP-202512-00506,さくらケミカル,2025-12-22,2026-02-02,2026-01-18,流通,統合ダッシュボード,新規,Web,関西,中堅,6,クロージング,2,受注,100,,西日本営業部,山本,3720000,さくらケミカル 統合ダッシュボード導入,
OPP-202512-00507,つばさ運輸,2025-12-15,2026-03-05,2026-01-24,流通,統合ダッシュボード,更新,インバウンド,関東,中堅,6,クロージング,2,受注,100,,西日本営業部,山本,1320000,つばさ運輸 統合ダッシュボード導入,
OPP-202512-00508,山田製作所,2025-12-04,2026-03-29,2026-01-04,金融,クラウド経費,新規,展示会,関東,大企業,6,クロージング,2,受注,100,,第一営業部,中村,3740000,山田製作所 クラウド経費導入,
OPP-202512-00509,みなと商事,2025-12-25,2026-02-25,2026-02-15,金融,クラウド経費,新規,展示会,関東,中堅,6,クロージング,2,受注,100,,西日本営業部,山本,3260000,みなと商事 クラウド経費導入,
OPP-202512-00510,青葉システムズ,2025-12-02,2026-01-03,2026-01-01,製造,クラウド経費,既存深耕,紹介,関東,大企業,6,クロージング,2,受注,100,,西日本営業部,山本,11140000,青葉システムズ クラウド経費導入,
OPP-202512-00511,さくらケミカル,2025-12-29,2026-02-14,2026-01-11,金融,クラウド経費,新規,Web,関西,大企業,6,クロージング,2,受注,100,,第一営業部,加藤,8860000,さくらケミカル クラウド経費導入,
OPP-202601-00512,さくらケミカル,2026-01-05,2026-06-15,2026-04-07,流通,クラウド経費,既存深耕,展示会,中部,大企業,6,クロージング,3,失注,0,価格,第一営業部,小林,8540000,さくらケミカル クラウド経費導入,
OPP-202601-00513,曙建設,2026-01-05,2026-02-17,2026-01-18,流通,スマート勤怠,新規,Web,関西,大企業,6,クロージング,2,受注,100,,第一営業部,加藤,5050000,曙建設 スマート勤怠導入,
OPP-202601-00514,みなと商事,2026-01-21,2026-05-07,2026-02-11,流通,クラウド経費,既存深耕,インバウンド,関西,中堅,6,クロージング,2,受注,100,,第一営業部,小林,1530000,みなと商事 クラウド経費導入,
OPP-202601-00515,山田製作所,2026-01-15,2026-05-21,2026-02-08,流通,統合ダッシュボード,既存深耕,Web,関西,大企業,6,クロージング,2,受注,100,,第一営業部,小林,11450000,山田製作所 統合ダッシュボード導入,
OPP-202601-00516,さくらケミカル,2026-01-01,2026-03-22,2026-01-24,製造,スマート勤怠,新規,展示会,関西,中小,6,クロージング,2,受注,100,,第一営業部,中村,860000,さくらケミカル スマート勤怠導入,
OPP-202601-00517,さくらケミカル,2026-01-29,2026-06-05,2026-05-23,IT,スマート勤怠,新規,展示会,関東,大企業,6,クロージング,3,失注,0,価格,西日本営業部,山本,5150000,さくらケミカル スマート勤怠導入,
OPP-202601-00518,さくらケミカル,2026-01-15,2026-03-19,2026-01-28,金融,統合ダッシュボード,更新,インバウンド,中部,中小,6,クロージング,3,失注,0,競合,第一営業部,中村,1250000,さくらケミカル 統合ダッシュボード導入,
OPP-202601-00519,つばさ運輸,2026-01-20,2026-05-01,2026-03-27,IT,クラウド経費,既存深耕,インバウンド,関東,大企業,6,クロージング,3,失注,0,要件不一致,第一営業部,加藤,8000000,つばさ運輸 クラウド経費導入,
OPP-202601-00520,富士見物産,2026-01-07,2026-06-04,2026-04-13,公共,クラウド経費,新規,紹介,中部,中小,6,クロージング,2,受注,100,,第一営業部,加藤,1640000,富士見物産 クラウド経費導入,
OPP-202601-00521,富士見物産,2026-01-23,2026-06-03,2026-05-12,製造,スマート勤怠,更新,Web,関東,大企業,6,クロージング,2,受注,100,,第一営業部,中村,6860000,富士見物産 スマート勤怠導入,
OPP-202601-00522,さくらケミカル,2026-01-19,2026-05-15,2026-03-20,製造,スマート勤怠,更新,紹介,関西,大企業,6,クロージング,2,受注,100,,第一営業部,加藤,7420000,さくらケミカル スマート勤怠導入,
OPP-202601-00523,さくらケミカル,2026-01-14,2026-06-24,2026-02-04,製造,スマート勤怠,既存深耕,展示会,関東,中小,6,クロージング,2,受注,100,,第一営業部,加藤,1000000,さくらケミカル スマート勤怠導入,
OPP-202601-00524,みなと商事,2026-01-30,2026-04-18,2026-02-17,流通,クラウド経費,新規,Web,関東,中小,6,クロージング,3,失注,0,要件不一致,西日本営業部,松本,1690000,みなと商事 クラウド経費導入,
OPP-202601-00525,大和精密,2026-01-30,2026-07-10,2026-03-10,製造,スマート勤怠,更新,インバウンド,中部,中小,6,クロージング,3,失注,0,予算,第一営業部,加藤,880000,大和精密 スマート勤怠導入,
OPP-202601-00526,富士見物産,2026-01-08,2026-05-27,2026-04-25,製造,クラウド経費,既存深耕,Web,中部,中堅,6,クロージング,3,失注,0,価格,第一営業部,中村,3300000,富士見物産 クラウド経費導入,
OPP-202601-00527,北斗フーズ,2026-01-28,2026-06-15,2026-05-12,金融,スマート勤怠,更新,展示会,中部,中小,6,クロージング,3,失注,0,予算,第一営業部,小林,1670000,北斗フーズ スマート勤怠導入,
OPP-202601-00528,山田製作所,2026-01-19,2026-05-26,2026-03-11,IT,スマート勤怠,更新,紹介,関西,中堅,6,クロージング,2,受注,100,,第一営業部,小林,1320000,山田製作所 スマート勤怠導入,
OPP-202601-00529,さくらケミカル,2026-01-13,2026-06-17,2026-03-05,金融,スマート勤怠,更新,展示会,関東,中堅,6,クロージング,2,受注,100,,第一営業部,加藤,1350000,さくらケミカル スマート勤怠導入,
OPP-202601-00530,つばさ運輸,2026-01-30,2026-06-09,2026-02-28,製造,クラウド経費,新規,展示会,関西,大企業,6,クロージング,2,受注,100,,西日本営業部,松本,4320000,つばさ運輸 クラウド経費導入,
OPP-202601-00531,青葉システムズ,2026-01-14,2026-07-10,2026-06-14,IT,統合ダッシュボード,新規,展示会,関東,中小,6,クロージング,3,失注,0,価格,第一営業部,加藤,1470000,青葉システムズ 統合ダッシュボード導入,
OPP-202601-00532,富士見物産,2026-01-09,2026-02-18,2026-01-28,製造,スマート勤怠,更新,Web,九州,中小,6,クロージング,3,失注,0,時期,第一営業部,加藤,1460000,富士見物産 スマート勤怠導入,
OPP-202601-00533,大和精密,2026-01-12,2026-03-29,2026-01-25,流通,統合ダッシュボード,更新,紹介,関東,中堅,6,クロージング,3,失注,0,競合,第一営業部,小林,1220000,大和精密 統合ダッシュボード導入,
OPP-202601-00534,大和精密,2026-01-08,2026-06-28,2026-04-13,IT,クラウド経費,既存深耕,展示会,関西,中小,6,クロージング,2,受注,100,,西日本営業部,松本,490000,大和精密 クラウド経費導入,
OPP-202602-00535,さくらケミカル,2026-02-25,2026-07-02,2026-04-18,流通,スマート勤怠,新規,展示会,関東,中堅,6,クロージング,2,受注,100,,西日本営業部,松本,1990000,さくらケミカル スマート勤怠導入,
OPP-202602-00536,みなと商事,2026-02-13,2026-04-19,2026-03-21,公共,スマート勤怠,既存深耕,Web,関西,大企業,6,クロージング,2,受注,100,,西日本営業部,松本,11610000,みなと商事 スマート勤怠導入,
OPP-202602-00537,曙建設,2026-02-06,2026-06-28,2026-04-03,製造,スマート勤怠,既存深耕,紹介,関東,中小,6,クロージング,2,受注,100,,西日本営業部,山本,380000,曙建設 スマート勤怠導入,
OPP-202602-00538,山田製作所,2026-02-18,2026-03-21,2026-03-03,IT,クラウド経費,既存深耕,Web,中部,中堅,6,クロージング,2,受注,100,,第一営業部,中村,4920000,山田製作所 クラウド経費導入,
OPP-202602-00539,みなと商事,2026-02-12,2026-04-25,2026-02-18,製造,スマート勤怠,新規,インバウンド,関西,大企業,6,クロージング,3,失注,0,競合,西日本営業部,山本,4100000,みなと商事 スマート勤怠導入,
OPP-202602-00540,つばさ運輸,2026-02-27,2026-07-09,2026-03-03,金融,統合ダッシュボード,既存深耕,紹介,関東,大企業,6,クロージング,3,失注,0,競合,第一営業部,中村,7690000,つばさ運輸 統合ダッシュボード導入,
OPP-202602-00541,曙建設,2026-02-03,2026-07-28,2026-02-28,流通,スマート勤怠,新規,紹介,関西,中小,6,クロージング,2,受注,100,,第一営業部,加藤,1830000,曙建設 スマート勤怠導入,
OPP-202602-00542,青葉システムズ,2026-02-11,2026-07-14,2026-02-16,公共,統合ダッシュボード,既存深耕,紹介,関西,中小,6,クロージング,2,受注,100,,第一営業部,加藤,1850000,青葉システムズ 統合ダッシュボード導入,
OPP-202602-00543,つばさ運輸,2026-02-19,2026-05-22,2026-02-27,流通,クラウド経費,新規,展示会,中部,大企業,6,クロージング,3,失注,0,価格,第一営業部,小林,8100000,つばさ運輸 クラウド経費導入,
OPP-202602-00544,つばさ運輸,2026-02-10,2026-03-22,2026-03-09,金融,スマート勤怠,既存深耕,インバウンド,関東,中小,6,クロージング,2,受注,100,,第一営業部,小林,1950000,つばさ運輸 スマート勤怠導入,
OPP-202602-00545,つばさ運輸,2026-02-27,2026-05-24,2026-04-17,IT,スマート勤怠,新規,Web,中部,中堅,6,クロージング,3,失注,0,競合,第一営業部,加藤,1930000,つばさ運輸 スマート勤怠導入,
OPP-202602-00546,つばさ運輸,2026-02-03,2026-05-04,2026-03-30,製造,統合ダッシュボード,更新,展示会,関東,中堅,6,クロージング,2,受注,100,,西日本営業部,山本,4710000,つばさ運輸 統合ダッシュボード導入,
OPP-202602-00547,つばさ運輸,2026-02-10,2026-04-01,2026-03-06,流通,クラウド経費,新規,Web,九州,大企業,6,クロージング,3,失注,0,競合,西日本営業部,松本,4710000,つばさ運輸 クラウド経費導入,
OPP-202602-00548,曙建設,2026-02-16,2026-04-26,2026-03-11,公共,クラウド経費,更新,Web,関東,中堅,6,クロージング,2,受注,100,,西日本営業部,松本,2310000,曙建設 クラウド経費導入,
OPP-202602-00549,大和精密,2026-02-13,2026-07-21,2026-05-20,流通,クラウド経費,新規,展示会,関西,大企業,6,クロージング,3,失注,0,競合,第一営業部,中村,7250000,大和精密 クラウド経費導入,
OPP-202602-00550,青葉システムズ,2026-02-13,2026-04-25,2026-04-10,流通,クラウド経費,既存深耕,紹介,関東,中小,6,クロージング,2,受注,100,,第一営業部,加藤,950000,青葉システムズ クラウド経費導入,
OPP-202602-00551,さくらケミカル,2026-02-25,2026-07-27,2026-05-29,流通,クラウド経費,既存深耕,Web,関西,中小,6,クロージング,2,受注,100,,西日本営業部,山本,1910000,さくらケミカル クラウド経費導入,
OPP-202602-00552,北斗フーズ,2026-02-23,2026-04-23,2026-04-06,製造,クラウド経費,既存深耕,展示会,関西,中小,6,クロージング,3,失注,0,時期,西日本営業部,山本,1280000,北斗フーズ クラウド経費導入,
OPP-202602-00553,みなと商事,2026-02-13,2026-06-01,2026-05-21,流通,スマート勤怠,既存深耕,インバウンド,関東,中堅,6,クロージング,3,失注,0,予算,西日本営業部,松本,4720000,みなと商事 スマート勤怠導入,
OPP-202602-00554,さくらケミカル,2026-02-03,2026-03-05,2026-02-28,IT,スマート勤怠,新規,Web,関西,大企業,6,クロージング,2,受注,100,,第一営業部,小林,10130000,さくらケミカル スマート勤怠導入,
OPP-202602-00555,青葉システムズ,2026-02-17,2026-05-05,2026-03-13,製造,スマート勤怠,既存深耕,展示会,関東,中小,6,クロージング,2,受注,100,,第一営業部,中村,790000,青葉システムズ スマート勤怠導入,
OPP-202602-00556,青葉システムズ,2026-02-09,2026-06-06,2026-03-12,流通,統合ダッシュボード,新規,Web,関東,大企業,6,クロージング,2,受注,100,,第一営業部,中村,7890000,青葉システムズ 統合ダッシュボード導入,
OPP-202602-00557,山田製作所,2026-02-16,2026-06-22,2026-06-20,製造,クラウド経費,新規,Web,九州,大企業,6,クロージング,3,失注,0,予算,第一営業部,中村,7970000,山田製作所 クラウド経費導入,
OPP-202602-00558,青葉システムズ,2026-02-16,2026-04-01,2026-03-10,流通,クラウド経費,新規,紹介,関東,中堅,6,クロージング,3,失注,0,予算,第一営業部,加藤,1010000,青葉システムズ クラウド経費導入,
OPP-202602-00559,北斗フーズ,2026-02-23,2026-07-24,2026-04-13,製造,スマート勤怠,既存深耕,インバウンド,中部,大企業,6,クロージング,2,受注,100,,第一営業部,加藤,3030000,北斗フーズ スマート勤怠導入,
OPP-202602-00560,さくらケミカル,2026-02-27,2026-06-26,2026-04-29,IT,統合ダッシュボード,更新,Web,関東,中堅,6,クロージング,2,受注,100,,西日本営業部,山本,4370000,さくらケミカル 統合ダッシュボード導入,
OPP-202603-00561,青葉システムズ,2026-03-23,2026-05-03,2026-04-28,製造,スマート勤怠,新規,Web,関西,中小,6,クロージング,2,受注,100,,第一営業部,中村,1490000,青葉システムズ スマート勤怠導入,
OPP-202603-00562,富士見物産,2026-03-06,2026-04-12,2026-03-27,金融,スマート勤怠,新規,Web,関西,大企業,6,クロージング,2,受注,100,,第一営業部,加藤,6920000,富士見物産 スマート勤怠導入,
OPP-202603-00563,大和精密,2026-03-25,2026-07-18,2026-06-07,金融,統合ダッシュボード,既存深耕,Web,九州,中堅,6,クロージング,3,失注,0,予算,第一営業部,加藤,4070000,大和精密 統合ダッシュボード導入,
OPP-202603-00564,青葉システムズ,2026-03-03,2026-04-24,2026-04-10,金融,クラウド経費,更新,紹介,関東,大企業,6,クロージング,2,受注,100,,第一営業部,中村,4920000,青葉システムズ クラウド経費導入,
OPP-202603-00565,さくらケミカル,2026-03-24,2026-06-02,2026-04-10,製造,スマート勤怠,既存深耕,Web,関東,中堅,6,クロージング,3,失注,0,競合,第一営業部,小林,4080000,さくらケミカル スマート勤怠導入,
OPP-202603-00566,山田製作所,2026-03-19,2026-06-29,2026-06-13,金融,クラウド経費,新規,インバウンド,中部,中堅,6,クロージング,2,受注,100,,第一営業部,加藤,4590000,山田製作所 クラウド経費導入,
OPP-202603-00567,湊エレクトロニクス,2026-03-02,2026-07-06,2026-06-14,IT,スマート勤怠,更新,Web,関西,中小,6,クロージング,2,受注,100,,第一営業部,加藤,1150000,湊エレクトロニクス スマート勤怠導入,
OPP-202603-00568,つばさ運輸,2026-03-05,2026-04-09,2026-03-27,公共,スマート勤怠,更新,展示会,関西,中堅,6,クロージング,2,受注,100,,西日本営業部,山本,3160000,つばさ運輸 スマート勤怠導入,
OPP-202603-00569,青葉システムズ,2026-03-16,2026-07-06,2026-05-30,流通,クラウド経費,新規,Web,関東,中小,6,クロージング,3,失注,0,予算,第一営業部,中村,430000,青葉システムズ クラウド経費導入,
OPP-202603-00570,北斗フーズ,2026-03-30,2026-05-01,2026-04-06,金融,スマート勤怠,既存深耕,インバウンド,関東,中小,6,クロージング,2,受注,100,,第一営業部,加藤,670000,北斗フーズ スマート勤怠導入,
OPP-202603-00571,北斗フーズ,2026-03-13,2026-05-20,2026-05-04,IT,スマート勤怠,更新,展示会,関東,中小,6,クロージング,3,失注,0,価格,西日本営業部,松本,600000,北斗フーズ スマート勤怠導入,
OPP-202603-00572,曙建設,2026-03-13,2026-06-21,2026-05-09,IT,クラウド経費,既存深耕,Web,中部,中堅,6,クロージング,3,失注,0,競合,西日本営業部,松本,1610000,曙建設 クラウド経費導入,
OPP-202603-00573,湊エレクトロニクス,2026-03-04,2026-06-24,2026-04-12,製造,クラウド経費,更新,Web,関西,大企業,6,クロージング,3,失注,0,競合,第一営業部,小林,4010000,湊エレクトロニクス クラウド経費導入,
OPP-202603-00574,湊エレクトロニクス,2026-03-11,2026-06-17,2026-06-03,製造,クラウド経費,新規,Web,関西,中小,6,クロージング,3,失注,0,価格,第一営業部,加藤,830000,湊エレクトロニクス クラウド経費導入,
OPP-202603-00575,北斗フーズ,2026-03-31,2026-06-10,2026-05-03,IT,クラウド経費,新規,紹介,関東,大企業,6,クロージング,2,受注,100,,第一営業部,加藤,11710000,北斗フーズ クラウド経費導入,
OPP-202603-00576,湊エレクトロニクス,2026-03-25,2026-07-08,2026-05-21,製造,統合ダッシュボード,新規,インバウンド,関西,大企業,6,クロージング,3,失注,0,価格,第一営業部,加藤,8020000,湊エレクトロニクス 統合ダッシュボード導入,
OPP-202603-00577,さくらケミカル,2026-03-23,2026-05-26,2026-04-20,金融,クラウド経費,既存深耕,Web,関東,大企業,6,クロージング,3,失注,0,時期,第一営業部,中村,5840000,さくらケミカル クラウド経費導入,
OPP-202603-00578,みなと商事,2026-03-05,2026-04-30,2026-04-21,金融,スマート勤怠,既存深耕,展示会,関西,中小,6,クロージング,2,受注,100,,西日本営業部,山本,980000,みなと商事 スマート勤怠導入,
OPP-202603-00579,さくらケミカル,2026-03-23,2026-04-28,2026-04-08,金融,クラウド経費,既存深耕,展示会,中部,中堅,6,クロージング,3,失注,0,価格,西日本営業部,松本,1630000,さくらケミカル クラウド経費導入,
OPP-202603-00580,青葉システムズ,2026-03-18,2026-05-12,2026-04-02,製造,クラウド経費,新規,紹介,関東,中小,6,クロージング,2,受注,100,,第一営業部,中村,1260000,青葉システムズ クラウド経費導入,
OPP-202604-00581,大和精密,2026-04-30,2026-06-11,2026-05-25,金融,クラウド経費,新規,紹介,関西,大企業,6,クロージング,2,受注,100,,第一営業部,中村,4850000,大和精密 クラウド経費導入,
OPP-202604-00582,湊エレクトロニクス,2026-04-24,2026-06-29,2026-05-29,金融,統合ダッシュボード,既存深耕,Web,関東,中堅,6,クロージング,2,受注,100,,西日本営業部,山本,1270000,湊エレクトロニクス 統合ダッシュボード導入,
OPP-202604-00583,つばさ運輸,2026-04-30,,2026-06-22,公共,スマート勤怠,既存深耕,紹介,関東,中堅,4,見積,4,保留,60,,第一営業部,小林,2170000,つばさ運輸 スマート勤怠導入,デモ日程調整中
OPP-202604-00584,青葉システムズ,2026-04-21,,2026-06-16,公共,統合ダッシュボード,既存深耕,展示会,関東,大企業,3,提案,1,進行中,40,,第一営業部,中村,3100000,青葉システムズ 統合ダッシュボード導入,契約書送付予定
OPP-202604-00585,北斗フーズ,2026-04-22,2026-05-23,2026-05-15,流通,クラウド経費,更新,インバウンド,関西,中堅,6,クロージング,3,失注,0,競合,第一営業部,加藤,2760000,北斗フーズ クラウド経費導入,
OPP-202604-00586,湊エレクトロニクス,2026-04-08,2026-05-27,2026-04-17,公共,スマート勤怠,既存深耕,展示会,九州,中小,6,クロージング,2,受注,100,,西日本営業部,山本,1610000,湊エレクトロニクス スマート勤怠導入,
OPP-202604-00587,北斗フーズ,2026-04-02,,2026-05-20,流通,スマート勤怠,更新,展示会,関西,中小,2,ヒアリング,1,進行中,20,,第一営業部,小林,1910000,北斗フーズ スマート勤怠導入,先方検討中
OPP-202604-00588,湊エレクトロニクス,2026-04-13,2026-07-28,2026-04-14,IT,スマート勤怠,既存深耕,Web,関西,中堅,6,クロージング,2,受注,100,,第一営業部,小林,2790000,湊エレクトロニクス スマート勤怠導入,
OPP-202604-00589,さくらケミカル,2026-04-29,2026-07-07,2026-06-01,製造,スマート勤怠,新規,Web,中部,中堅,6,クロージング,3,失注,0,価格,西日本営業部,山本,3020000,さくらケミカル スマート勤怠導入,
OPP-202604-00590,北斗フーズ,2026-04-10,,2026-04-18,金融,スマート勤怠,更新,Web,関東,大企業,3,提案,4,保留,40,,西日本営業部,山本,4940000,北斗フーズ スマート勤怠導入,デモ日程調整中
OPP-202604-00591,さくらケミカル,2026-04-02,,2026-04-23,IT,スマート勤怠,新規,Web,関西,大企業,3,提案,4,保留,40,,第一営業部,加藤,10690000,さくらケミカル スマート勤怠導入,契約書送付予定
OPP-202604-00592,青葉システムズ,2026-04-17,,2026-04-18,製造,統合ダッシュボード,更新,展示会,関東,大企業,3,提案,1,進行中,40,,西日本営業部,山本,7440000,青葉システムズ 統合ダッシュボード導入,契約書送付予定
OPP-202604-00593,青葉システムズ,2026-04-10,,2026-06-01,製造,スマート勤怠,既存深耕,展示会,中部,中小,3,提案,1,進行中,40,,西日本営業部,山本,560000,青葉システムズ スマート勤怠導入,先方検討中
OPP-202604-00594,曙建設,2026-04-20,2026-07-10,2026-04-27,金融,スマート勤怠,新規,紹介,関東,大企業,6,クロージング,2,受注,100,,第一営業部,中村,6890000,曙建設 スマート勤怠導入,
OPP-202604-00595,つばさ運輸,2026-04-14,,2026-04-26,製造,スマート勤怠,新規,紹介,関東,大企業,4,見積,1,進行中,60,,第一営業部,小林,3410000,つばさ運輸 スマート勤怠導入,見積提出待ち
OPP-202604-00596,つばさ運輸,2026-04-02,2026-05-26,2026-05-16,製造,スマート勤怠,既存深耕,紹介,関東,中堅,6,クロージング,3,失注,0,競合,第一営業部,中村,1660000,つばさ運輸 スマート勤怠導入,
OPP-202604-00597,曙建設,2026-04-24,2026-06-23,2026-06-22,流通,スマート勤怠,既存深耕,展示会,関東,中小,6,クロージング,2,受注,100,,第一営業部,加藤,1970000,曙建設 スマート勤怠導入,
OPP-202604-00598,富士見物産,2026-04-27,2026-07-05,2026-05-22,IT,スマート勤怠,既存深耕,紹介,関西,中小,6,クロージング,2,受注,100,,第一営業部,加藤,1370000,富士見物産 スマート勤怠導入,
OPP-202604-00599,湊エレクトロニクス,2026-04-23,2026-05-28,2026-05-11,IT,統合ダッシュボード,既存深耕,Web,九州,大企業,6,クロージング,2,受注,100,,第一営業部,加藤,10130000,湊エレクトロニクス 統合ダッシュボード導入,
OPP-202604-00600,山田製作所,2026-04-10,,2026-05-30,公共,クラウド経費,更新,紹介,関西,中小,2,ヒアリング,4,保留,20,,西日本営業部,山本,1290000,山田製作所 クラウド経費導入,契約書送付予定
OPP-202604-00601,山田製作所,2026-04-20,,2026-05-08,製造,スマート勤怠,既存深耕,インバウンド,中部,中堅,2,ヒアリング,4,保留,20,,西日本営業部,松本,3820000,山田製作所 スマート勤怠導入,見積提出待ち
OPP-202604-00602,つばさ運輸,2026-04-06,2026-06-28,2026-04-07,製造,クラウド経費,更新,紹介,関東,中小,6,クロージング,2,受注,100,,第一営業部,中村,1960000,つばさ運輸 クラウド経費導入,
OPP-202604-00603,さくらケミカル,2026-04-21,2026-05-23,2026-05-06,製造,クラウド経費,既存深耕,Web,関東,中堅,6,クロージング,3,失注,0,時期,第一営業部,中村,2430000,さくらケミカル クラウド経費導入,
OPP-202604-00604,湊エレクトロニクス,2026-04-06,,2026-04-27,金融,統合ダッシュボード,更新,Web,関西,中堅,2,ヒアリング,1,進行中,20,,西日本営業部,松本,2370000,湊エレクトロニクス 統合ダッシュボード導入,上長決裁待ち
OPP-202604-00605,青葉システムズ,2026-04-21,2026-07-05,2026-06-23,製造,スマート勤怠,既存深耕,紹介,中部,大企業,6,クロージング,2,受注,100,,第一営業部,中村,10460000,青葉システムズ スマート勤怠導入,
OPP-202604-00606,大和精密,2026-04-06,,2026-05-23,製造,スマート勤怠,既存深耕,Web,関東,大企業,3,提案,1,進行中,40,,第一営業部,加藤,10680000,大和精密 スマート勤怠導入,見積提出待ち
OPP-202604-00607,山田製作所,2026-04-20,2026-05-23,2026-04-21,製造,スマート勤怠,更新,インバウンド,関東,中小,6,クロージング,3,失注,0,要件不一致,第一営業部,加藤,570000,山田製作所 スマート勤怠導入,
OPP-202604-00608,みなと商事,2026-04-24,,2026-05-02,製造,クラウド経費,既存深耕,紹介,関東,中堅,3,提案,1,進行中,40,,第一営業部,中村,1100000,みなと商事 クラウド経費導入,見積提出待ち
OPP-202604-00609,青葉システムズ,2026-04-10,,2026-06-07,製造,統合ダッシュボード,新規,紹介,関東,中堅,3,提案,1,進行中,40,,第一営業部,加藤,1570000,青葉システムズ 統合ダッシュボード導入,契約書送付予定
OPP-202604-00610,みなと商事,2026-04-06,2026-06-13,2026-06-13,IT,スマート勤怠,新規,紹介,関東,中小,6,クロージング,2,受注,100,,第一営業部,中村,1150000,みなと商事 スマート勤怠導入,
OPP-202604-00611,北斗フーズ,2026-04-20,2026-07-26,2026-07-21,IT,クラウド経費,既存深耕,紹介,中部,大企業,6,クロージング,3,失注,0,予算,第一営業部,小林,11070000,北斗フーズ クラウド経費導入,
OPP-202604-00612,北斗フーズ,2026-04-01,2026-07-11,2026-05-13,製造,スマート勤怠,既存深耕,Web,関西,大企業,6,クロージング,2,受注,100,,第一営業部,加藤,4300000,北斗フーズ スマート勤怠導入,
OPP-202604-00613,さくらケミカル,2026-04-06,,2026-05-11,流通,クラウド経費,更新,Web,関西,大企業,3,提案,1,進行中,40,,西日本営業部,山本,8040000,さくらケミカル クラウド経費導入,先方検討中
OPP-202604-00614,曙建設,2026-04-27,2026-05-31,2026-05-28,公共,クラウド経費,更新,Web,関東,大企業,6,クロージング,2,受注,100,,第一営業部,中村,4360000,曙建設 クラウド経費導入,
OPP-202604-00615,さくらケミカル,2026-04-30,2026-07-31,2026-05-29,流通,統合ダッシュボード,更新,展示会,関西,中小,6,クロージング,2,受注,100,,第一営業部,小林,440000,さくらケミカル 統合ダッシュボード導入,
OPP-202604-00616,北斗フーズ,2026-04-24,2026-07-03,2026-06-10,流通,スマート勤怠,更新,紹介,関西,中堅,6,クロージング,2,受注,100,,第一営業部,加藤,1720000,北斗フーズ スマート勤怠導入,
OPP-202605-00617,青葉システムズ,2026-05-08,,2026-05-27,製造,スマート勤怠,更新,Web,関西,大企業,3,提案,4,保留,40,,第一営業部,小林,4130000,青葉システムズ スマート勤怠導入,上長決裁待ち
OPP-202605-00618,北斗フーズ,2026-05-29,,2026-06-04,流通,スマート勤怠,更新,Web,中部,中堅,1,リード,1,進行中,10,,西日本営業部,松本,3670000,北斗フーズ スマート勤怠導入,契約書送付予定
OPP-202605-00619,曙建設,2026-05-05,,2026-05-30,製造,スマート勤怠,更新,インバウンド,関西,大企業,2,ヒアリング,1,進行中,20,,西日本営業部,松本,4680000,曙建設 スマート勤怠導入,見積提出待ち
OPP-202605-00620,つばさ運輸,2026-05-26,2026-07-11,2026-05-27,製造,スマート勤怠,新規,Web,関東,大企業,6,クロージング,2,受注,100,,第一営業部,中村,10740000,つばさ運輸 スマート勤怠導入,
OPP-202605-00621,山田製作所,2026-05-07,,2026-05-26,製造,スマート勤怠,既存深耕,展示会,九州,中堅,2,ヒアリング,1,進行中,20,,第一営業部,中村,3030000,山田製作所 スマート勤怠導入,先方検討中
OPP-202605-00622,さくらケミカル,2026-05-07,2026-06-12,2026-06-01,IT,クラウド経費,新規,紹介,中部,大企業,6,クロージング,2,受注,100,,西日本営業部,山本,7880000,さくらケミカル クラウド経費導入,
OPP-202605-00623,大和精密,2026-05-19,2026-07-24,2026-06-09,製造,クラウド経費,新規,Web,九州,大企業,6,クロージング,3,失注,0,要件不一致,第一営業部,加藤,8130000,大和精密 クラウド経費導入,
OPP-202605-00624,さくらケミカル,2026-05-20,,2026-05-25,流通,スマート勤怠,新規,Web,九州,大企業,3,提案,1,進行中,40,,西日本営業部,松本,4560000,さくらケミカル スマート勤怠導入,先方検討中
OPP-202605-00625,山田製作所,2026-05-21,,2026-06-08,製造,統合ダッシュボード,既存深耕,インバウンド,中部,大企業,1,リード,4,保留,10,,第一営業部,小林,8900000,山田製作所 統合ダッシュボード導入,デモ日程調整中
OPP-202605-00626,富士見物産,2026-05-12,,2026-06-07,製造,クラウド経費,新規,インバウンド,関西,大企業,4,見積,1,進行中,60,,第一営業部,加藤,7180000,富士見物産 クラウド経費導入,先方検討中
OPP-202605-00627,湊エレクトロニクス,2026-05-22,2026-07-05,2026-06-07,IT,統合ダッシュボード,既存深耕,Web,関西,大企業,6,クロージング,3,失注,0,時期,西日本営業部,山本,8740000,湊エレクトロニクス 統合ダッシュボード導入,
OPP-202605-00628,大和精密,2026-05-01,,2026-05-07,流通,クラウド経費,更新,展示会,中部,中堅,3,提案,4,保留,40,,第一営業部,小林,1920000,大和精密 クラウド経費導入,見積提出待ち
OPP-202605-00629,青葉システムズ,2026-05-13,,2026-06-23,製造,スマート勤怠,更新,Web,関西,中堅,3,提案,1,進行中,40,,第一営業部,中村,2090000,青葉システムズ スマート勤怠導入,デモ日程調整中
OPP-202605-00630,青葉システムズ,2026-05-19,,2026-05-25,製造,クラウド経費,更新,インバウンド,関東,大企業,3,提案,1,進行中,40,,第一営業部,加藤,4450000,青葉システムズ クラウド経費導入,見積提出待ち
OPP-202605-00631,富士見物産,2026-05-13,,2026-06-09,IT,クラウド経費,既存深耕,展示会,中部,大企業,2,ヒアリング,1,進行中,20,,西日本営業部,松本,7930000,富士見物産 クラウド経費導入,契約書送付予定
OPP-202605-00632,青葉システムズ,2026-05-18,,2026-07-10,流通,クラウド経費,既存深耕,展示会,中部,中堅,2,ヒアリング,1,進行中,20,,第一営業部,加藤,4750000,青葉システムズ クラウド経費導入,デモ日程調整中
OPP-202605-00633,北斗フーズ,2026-05-01,,2026-05-04,流通,スマート勤怠,更新,Web,関東,中小,3,提案,1,進行中,40,,西日本営業部,山本,850000,北斗フーズ スマート勤怠導入,上長決裁待ち
OPP-202605-00634,北斗フーズ,2026-05-14,2026-06-17,2026-06-03,金融,スマート勤怠,新規,展示会,関西,中小,6,クロージング,2,受注,100,,第一営業部,小林,1580000,北斗フーズ スマート勤怠導入,
OPP-202605-00635,富士見物産,2026-05-27,,2026-07-02,金融,クラウド経費,既存深耕,紹介,関西,中堅,2,ヒアリング,1,進行中,20,,西日本営業部,山本,4040000,富士見物産 クラウド経費導入,上長決裁待ち
OPP-202605-00636,青葉システムズ,2026-05-18,2026-06-21,2026-06-14,金融,クラウド経費,更新,インバウンド,関東,大企業,6,クロージング,3,失注,0,価格,西日本営業部,山本,10670000,青葉システムズ クラウド経費導入,
OPP-202605-00637,みなと商事,2026-05-25,2026-07-23,2026-06-25,金融,クラウド経費,更新,Web,中部,大企業,6,クロージング,2,受注,100,,西日本営業部,松本,4270000,みなと商事 クラウド経費導入,
OPP-202605-00638,富士見物産,2026-05-12,,2026-07-05,流通,統合ダッシュボード,既存深耕,Web,関東,中堅,2,ヒアリング,4,保留,20,,第一営業部,小林,3120000,富士見物産 統合ダッシュボード導入,上長決裁待ち
OPP-202605-00639,山田製作所,2026-05-01,,2026-05-14,製造,スマート勤怠,既存深耕,Web,中部,中堅,5,最終交渉,1,進行中,80,,第一営業部,加藤,4150000,山田製作所 スマート勤怠導入,契約書送付予定
OPP-202605-00640,曙建設,2026-05-27,2026-07-21,2026-06-05,流通,統合ダッシュボード,既存深耕,Web,関東,中堅,6,クロージング,3,失注,0,競合,第一営業部,中村,4230000,曙建設 統合ダッシュボード導入,
OPP-202605-00641,大和精密,2026-05-19,2026-06-25,2026-06-23,IT,スマート勤怠,新規,展示会,関東,大企業,6,クロージング,3,失注,0,要件不一致,西日本営業部,山本,3800000,大和精密 スマート勤怠導入,
OPP-202605-00642,北斗フーズ,2026-05-19,,2026-06-06,IT,クラウド経費,更新,展示会,関西,大企業,3,提案,4,保留,40,,第一営業部,中村,3840000,北斗フーズ クラウド経費導入,上長決裁待ち
OPP-202605-00643,みなと商事,2026-05-21,,2026-05-23,製造,統合ダッシュボード,新規,展示会,関東,大企業,3,提案,1,進行中,40,,第一営業部,小林,7230000,みなと商事 統合ダッシュボード導入,見積提出待ち
OPP-202605-00644,青葉システムズ,2026-05-21,2026-06-28,2026-06-12,流通,スマート勤怠,更新,Web,関東,大企業,6,クロージング,2,受注,100,,第一営業部,加藤,6550000,青葉システムズ スマート勤怠導入,
OPP-202605-00645,北斗フーズ,2026-05-20,,2026-06-10,流通,スマート勤怠,新規,Web,関西,中堅,2,ヒアリング,1,進行中,20,,西日本営業部,山本,1700000,北斗フーズ スマート勤怠導入,上長決裁待ち
OPP-202605-00646,つばさ運輸,2026-05-05,2026-07-23,2026-05-31,IT,スマート勤怠,既存深耕,紹介,中部,中堅,6,クロージング,2,受注,100,,第一営業部,小林,4510000,つばさ運輸 スマート勤怠導入,
OPP-202605-00647,青葉システムズ,2026-05-28,,2026-06-18,製造,クラウド経費,既存深耕,展示会,関東,中小,2,ヒアリング,1,進行中,20,,第一営業部,小林,1890000,青葉システムズ クラウド経費導入,見積提出待ち
OPP-202606-00648,みなと商事,2026-06-19,,2026-07-10,流通,統合ダッシュボード,更新,展示会,関東,中堅,1,リード,1,進行中,10,,西日本営業部,松本,3190000,みなと商事 統合ダッシュボード導入,上長決裁待ち
OPP-202606-00649,さくらケミカル,2026-06-12,,2026-07-21,流通,クラウド経費,新規,紹介,関東,中堅,2,ヒアリング,1,進行中,20,,第一営業部,小林,2080000,さくらケミカル クラウド経費導入,先方検討中
OPP-202606-00650,曙建設,2026-06-04,,2026-07-06,IT,クラウド経費,既存深耕,Web,関西,中堅,4,見積,1,進行中,60,,第一営業部,小林,1230000,曙建設 クラウド経費導入,デモ日程調整中
OPP-202606-00651,曙建設,2026-06-04,,2026-06-07,製造,スマート勤怠,既存深耕,紹介,関西,中小,5,最終交渉,1,進行中,80,,西日本営業部,松本,1660000,曙建設 スマート勤怠導入,先方検討中
OPP-202606-00652,みなと商事,2026-06-02,,2026-07-17,流通,統合ダッシュボード,既存深耕,紹介,関東,中堅,2,ヒアリング,1,進行中,20,,第一営業部,小林,3320000,みなと商事 統合ダッシュボード導入,契約書送付予定
OPP-202606-00653,曙建設,2026-06-30,,2026-07-26,製造,スマート勤怠,更新,展示会,九州,中小,3,提案,1,進行中,40,,西日本営業部,山本,1240000,曙建設 スマート勤怠導入,先方検討中
OPP-202606-00654,山田製作所,2026-06-01,,2026-07-09,製造,クラウド経費,新規,インバウンド,関東,中堅,5,最終交渉,1,進行中,80,,第一営業部,小林,3350000,山田製作所 クラウド経費導入,見積提出待ち
OPP-202606-00655,曙建設,2026-06-05,,2026-07-22,IT,統合ダッシュボード,既存深耕,紹介,関東,中堅,2,ヒアリング,4,保留,20,,第一営業部,加藤,3470000,曙建設 統合ダッシュボード導入,上長決裁待ち
OPP-202606-00656,みなと商事,2026-06-03,2026-07-18,2026-07-16,流通,統合ダッシュボード,新規,Web,中部,中堅,6,クロージング,2,受注,100,,第一営業部,小林,2100000,みなと商事 統合ダッシュボード導入,
OPP-202606-00657,富士見物産,2026-06-15,,2026-06-24,製造,スマート勤怠,既存深耕,Web,中部,中小,1,リード,4,保留,10,,第一営業部,小林,860000,富士見物産 スマート勤怠導入,デモ日程調整中
OPP-202606-00658,つばさ運輸,2026-06-15,,2026-07-01,公共,スマート勤怠,新規,展示会,関東,中小,4,見積,4,保留,60,,西日本営業部,山本,340000,つばさ運輸 スマート勤怠導入,契約書送付予定
OPP-202606-00659,湊エレクトロニクス,2026-06-09,,2026-06-16,流通,スマート勤怠,更新,展示会,関東,大企業,2,ヒアリング,1,進行中,20,,第一営業部,加藤,3500000,湊エレクトロニクス スマート勤怠導入,契約書送付予定
OPP-202606-00660,大和精密,2026-06-24,,2026-06-27,製造,スマート勤怠,新規,Web,関西,大企業,1,リード,1,進行中,10,,第一営業部,中村,8890000,大和精密 スマート勤怠導入,デモ日程調整中
OPP-202606-00661,大和精密,2026-06-08,,2026-07-01,製造,クラウド経費,既存深耕,紹介,関東,中小,4,見積,1,進行中,60,,西日本営業部,松本,1930000,大和精密 クラウド経費導入,デモ日程調整中
OPP-202606-00662,山田製作所,2026-06-23,,2026-07-23,製造,クラウド経費,既存深耕,Web,関東,中小,2,ヒアリング,1,進行中,20,,第一営業部,小林,660000,山田製作所 クラウド経費導入,見積提出待ち
OPP-202606-00663,山田製作所,2026-06-22,,2026-06-25,製造,スマート勤怠,新規,Web,中部,中堅,3,提案,4,保留,40,,西日本営業部,山本,1080000,山田製作所 スマート勤怠導入,先方検討中
OPP-202606-00664,つばさ運輸,2026-06-22,,2026-07-24,流通,スマート勤怠,新規,展示会,関東,中小,2,ヒアリング,4,保留,20,,第一営業部,加藤,940000,つばさ運輸 スマート勤怠導入,デモ日程調整中
OPP-202606-00665,大和精密,2026-06-15,,2026-07-12,公共,統合ダッシュボード,更新,インバウンド,中部,中堅,1,リード,4,保留,10,,第一営業部,加藤,2120000,大和精密 統合ダッシュボード導入,上長決裁待ち
OPP-202606-00666,曙建設,2026-06-12,,2026-07-16,公共,統合ダッシュボード,新規,Web,関東,中小,2,ヒアリング,4,保留,20,,西日本営業部,松本,740000,曙建設 統合ダッシュボード導入,デモ日程調整中
OPP-202606-00667,さくらケミカル,2026-06-30,,2026-07-31,流通,スマート勤怠,更新,紹介,関東,中堅,3,提案,1,進行中,40,,第一営業部,加藤,2770000,さくらケミカル スマート勤怠導入,デモ日程調整中
OPP-202606-00668,北斗フーズ,2026-06-04,2026-07-07,2026-06-18,流通,スマート勤怠,更新,Web,関西,中堅,6,クロージング,2,受注,100,,第一営業部,小林,2440000,北斗フーズ スマート勤怠導入,
OPP-202606-00669,大和精密,2026-06-19,,2026-07-02,製造,スマート勤怠,更新,展示会,関東,中小,1,リード,1,進行中,10,,西日本営業部,山本,1400000,大和精密 スマート勤怠導入,先方検討中
OPP-202606-00670,山田製作所,2026-06-30,,2026-07-14,流通,スマート勤怠,更新,Web,関東,中小,1,リード,1,進行中,10,,第一営業部,小林,1120000,山田製作所 スマート勤怠導入,先方検討中
OPP-202606-00671,大和精密,2026-06-05,,2026-07-20,製造,クラウド経費,新規,展示会,関西,中堅,3,提案,1,進行中,40,,第一営業部,小林,2600000,大和精密 クラウド経費導入,先方検討中
OPP-202606-00672,富士見物産,2026-06-30,,2026-07-08,流通,クラウド経費,更新,Web,九州,大企業,2,ヒアリング,1,進行中,20,,西日本営業部,山本,8940000,富士見物産 クラウド経費導入,先方検討中
OPP-202606-00673,曙建設,2026-06-12,2026-07-25,2026-06-30,IT,スマート勤怠,更新,展示会,関西,中堅,6,クロージング,2,受注,100,,西日本営業部,松本,4320000,曙建設 スマート勤怠導入,
OPP-202606-00674,大和精密,2026-06-04,,2026-07-06,金融,クラウド経費,更新,展示会,関西,中堅,4,見積,1,進行中,60,,西日本営業部,山本,1690000,大和精密 クラウド経費導入,上長決裁待ち
OPP-202606-00675,北斗フーズ,2026-06-29,,2026-07-06,製造,スマート勤怠,更新,展示会,関西,中堅,1,リード,1,進行中,10,,第一営業部,中村,2260000,北斗フーズ スマート勤怠導入,上長決裁待ち
OPP-202607-00676,富士見物産,2026-07-16,,2026-07-23,流通,統合ダッシュボード,新規,Web,関東,大企業,3,提案,4,保留,40,,西日本営業部,松本,4490000,富士見物産 統合ダッシュボード導入,見積提出待ち
OPP-202607-00677,つばさ運輸,2026-07-06,,2026-07-29,製造,クラウド経費,既存深耕,Web,関東,中堅,2,ヒアリング,1,進行中,20,,西日本営業部,松本,1540000,つばさ運輸 クラウド経費導入,契約書送付予定
OPP-202607-00678,山田製作所,2026-07-14,,2026-07-19,製造,スマート勤怠,既存深耕,Web,関東,中堅,2,ヒアリング,4,保留,20,,西日本営業部,松本,3390000,山田製作所 スマート勤怠導入,契約書送付予定
OPP-202607-00679,さくらケミカル,2026-07-09,,2026-07-24,流通,統合ダッシュボード,新規,インバウンド,関西,中堅,3,提案,1,進行中,40,,第一営業部,中村,4660000,さくらケミカル 統合ダッシュボード導入,上長決裁待ち
OPP-202607-00680,大和精密,2026-07-09,,2026-07-14,IT,スマート勤怠,更新,Web,九州,中堅,3,提案,4,保留,40,,第一営業部,加藤,4570000,大和精密 スマート勤怠導入,デモ日程調整中
OPP-202607-00681,曙建設,2026-07-31,,2026-08-01,IT,スマート勤怠,新規,Web,関東,中堅,2,ヒアリング,1,進行中,20,,第一営業部,加藤,1530000,曙建設 スマート勤怠導入,上長決裁待ち
OPP-202607-00682,青葉システムズ,2026-07-24,,2026-07-30,IT,スマート勤怠,新規,展示会,中部,中堅,2,ヒアリング,4,保留,20,,第一営業部,加藤,3300000,青葉システムズ スマート勤怠導入,契約書送付予定
OPP-202607-00683,つばさ運輸,2026-07-21,,2026-07-23,製造,スマート勤怠,新規,展示会,関東,中小,3,提案,1,進行中,40,,西日本営業部,山本,820000,つばさ運輸 スマート勤怠導入,見積提出待ち
OPP-202607-00684,青葉システムズ,2026-07-29,,2026-07-31,金融,統合ダッシュボード,新規,Web,九州,中小,3,提案,1,進行中,40,,第一営業部,中村,1210000,青葉システムズ 統合ダッシュボード導入,先方検討中
OPP-202607-00685,みなと商事,2026-07-29,,2026-07-30,流通,クラウド経費,更新,Web,関東,中堅,3,提案,1,進行中,40,,第一営業部,小林,2140000,みなと商事 クラウド経費導入,デモ日程調整中
OPP-202607-00686,さくらケミカル,2026-07-30,,2026-07-31,製造,統合ダッシュボード,更新,展示会,関西,中小,3,提案,1,進行中,40,,西日本営業部,松本,1790000,さくらケミカル 統合ダッシュボード導入,契約書送付予定
OPP-202607-00687,山田製作所,2026-07-30,,2026-07-31,製造,スマート勤怠,新規,インバウンド,関東,大企業,1,リード,1,進行中,10,,西日本営業部,松本,6540000,山田製作所 スマート勤怠導入,見積提出待ち
OPP-202607-00688,曙建設,2026-07-31,,2026-08-01,IT,統合ダッシュボード,既存深耕,展示会,関西,大企業,2,ヒアリング,1,進行中,20,,第一営業部,中村,3210000,曙建設 統合ダッシュボード導入,見積提出待ち
OPP-202607-00689,つばさ運輸,2026-07-01,,2026-07-05,金融,統合ダッシュボード,既存深耕,Web,関西,大企業,3,提案,1,進行中,40,,西日本営業部,山本,7480000,つばさ運輸 統合ダッシュボード導入,見積提出待ち
OPP-202607-00690,さくらケミカル,2026-07-29,,2026-07-30,流通,スマート勤怠,更新,展示会,関東,大企業,4,見積,1,進行中,60,,第一営業部,加藤,11320000,さくらケミカル スマート勤怠導入,見積提出待ち
OPP-202607-00691,北斗フーズ,2026-07-03,,2026-07-21,製造,スマート勤怠,既存深耕,インバウンド,九州,大企業,1,リード,1,進行中,10,,第一営業部,加藤,5100000,北斗フーズ スマート勤怠導入,契約書送付予定
OPP-202607-00692,つばさ運輸,2026-07-23,,2026-07-30,流通,スマート勤怠,既存深耕,Web,中部,大企業,1,リード,1,進行中,10,,西日本営業部,松本,10220000,つばさ運輸 スマート勤怠導入,先方検討中
OPP-202607-00693,北斗フーズ,2026-07-16,,2026-07-24,IT,クラウド経費,新規,Web,関東,中小,3,提案,1,進行中,40,,西日本営業部,山本,590000,北斗フーズ クラウド経費導入,見積提出待ち
OPP-202607-00694,大和精密,2026-07-16,,2026-07-23,金融,スマート勤怠,更新,展示会,中部,中堅,2,ヒアリング,1,進行中,20,,第一営業部,小林,1940000,大和精密 スマート勤怠導入,契約書送付予定
OPP-202607-00695,湊エレクトロニクス,2026-07-02,,2026-07-29,公共,統合ダッシュボード,更新,Web,関東,中小,2,ヒアリング,4,保留,20,,第一営業部,加藤,1890000,湊エレクトロニクス 統合ダッシュボード導入,契約書送付予定
OPP-202607-00696,山田製作所,2026-07-28,,2026-07-30,IT,クラウド経費,更新,インバウンド,関東,中小,4,見積,4,保留,60,,第一営業部,小林,710000,山田製作所 クラウド経費導入,契約書送付予定
OPP-202607-00697,つばさ運輸,2026-07-15,,2026-07-27,製造,スマート勤怠,更新,インバウンド,関東,大企業,3,提案,1,進行中,40,,第一営業部,小林,5750000,つばさ運輸 スマート勤怠導入,デモ日程調整中
OPP-202607-00698,山田製作所,2026-07-21,,2026-07-30,製造,クラウド経費,新規,展示会,関東,中堅,3,提案,4,保留,40,,第一営業部,小林,2110000,山田製作所 クラウド経費導入,契約書送付予定
OPP-202607-00699,大和精密,2026-07-02,,2026-07-30,IT,クラウド経費,更新,紹介,関東,中小,1,リード,1,進行中,10,,第一営業部,小林,1880000,大和精密 クラウド経費導入,見積提出待ち
OPP-202607-00700,北斗フーズ,2026-07-08,,2026-07-20,公共,統合ダッシュボード,既存深耕,展示会,関西,大企業,4,見積,1,進行中,60,,西日本営業部,松本,8530000,北斗フーズ 統合ダッシュボード導入,見積提出待ち
